,name,12_months,6_months,3_months,1_month,date,level_0,index
0,MX Linux,3713,3422,3444,3561,2021-02-20 22:23:40.843811,,
1,Manjaro,2611,2419,2507,2475,2021-02-20 22:23:40.843811,,
2,Mint,2342,2120,2341,2165,2021-02-20 22:23:40.843811,,
3,Pop!_OS,1664,2097,2133,2038,2021-02-20 22:23:40.843811,,
4,Ubuntu,1567,1382,1357,1508,2021-02-20 22:23:40.843811,,
5,EndeavourOS,925,1188,1444,1742,2021-02-20 22:23:40.843811,,
6,Debian,1375,1275,1352,1391,2021-02-20 22:23:40.843811,,
7,elementary,1277,1148,1189,1258,2021-02-20 22:23:40.843811,,
8,Fedora,1017,984,922,963,2021-02-20 22:23:40.843811,,
9,Solus,978,810,830,1036,2021-02-20 22:23:40.843811,,
10,openSUSE,775,769,845,808,2021-02-20 22:23:40.843811,,
11,KDE neon,862,770,743,746,2021-02-20 22:23:40.843811,,
12,Zorin,836,680,599,612,2021-02-20 22:23:40.843811,,
13,PCLinuxOS,539,488,509,752,2021-02-20 22:23:40.843811,,
14,deepin,782,685,635,544,2021-02-20 22:23:40.843811,,
15,Ubuntu Kylin,737,693,646,384,2021-02-20 22:23:40.843811,,
16,Garuda,291,580,649,712,2021-02-20 22:23:40.843811,,
17,Arch,681,630,624,635,2021-02-20 22:23:40.843811,,
18,Linuxfx,525,633,583,581,2021-02-20 22:23:40.843811,,
19,antiX,643,562,541,525,2021-02-20 22:23:40.843811,,
20,Puppy,535,574,602,563,2021-02-20 22:23:40.843811,,
21,Mageia,392,431,530,596,2021-02-20 22:23:40.843811,,
22,CentOS,575,513,500,440,2021-02-20 22:23:40.843811,,
23,ArcoLinux,530,472,458,414,2021-02-20 22:23:40.843811,,
24,Slackware,345,344,389,503,2021-02-20 22:23:40.843811,,
25,Kali,495,461,450,449,2021-02-20 22:23:40.843811,,
26,Q4OS,375,409,502,440,2021-02-20 22:23:40.843811,,
27,FreeBSD,415,431,394,489,2021-02-20 22:23:40.843811,,
28,Lite,437,406,345,344,2021-02-20 22:23:40.843811,,
29,Alpine,310,327,414,483,2021-02-20 22:23:40.843811,,
30,SparkyLinux,398,355,320,355,2021-02-20 22:23:40.843811,,
31,Devuan,312,277,311,442,2021-02-20 22:23:40.843811,,
32,Lubuntu,385,343,330,354,2021-02-20 22:23:40.843811,,
33,EasyOS,380,359,384,210,2021-02-20 22:23:40.843811,,
34,Peppermint,375,333,326,329,2021-02-20 22:23:40.843811,,
35,Tails,355,338,338,396,2021-02-20 22:23:40.843811,,
36,Xubuntu,333,304,297,364,2021-02-20 22:23:40.843811,,
37,Kubuntu,325,298,295,343,2021-02-20 22:23:40.843811,,
38,GhostBSD,263,255,324,326,2021-02-20 22:23:40.843811,,
39,Bluestar,276,293,315,351,2021-02-20 22:23:40.843811,,
40,Parrot,299,264,251,257,2021-02-20 22:23:40.843811,,
41,Endless,296,267,232,290,2021-02-20 22:23:40.843811,,
42,Android-x86,295,236,246,313,2021-02-20 22:23:40.843811,,
43,OpenMandriva,177,176,244,320,2021-02-20 22:23:40.843811,,
44,Void,281,266,282,295,2021-02-20 22:23:40.843811,,
45,ReactOS,287,220,208,208,2021-02-20 22:23:40.843811,,
46,Gecko,192,217,277,164,2021-02-20 22:23:40.843811,,
47,Mabox,29,57,116,305,2021-02-20 22:23:40.843811,,
48,Ubuntu MATE,279,256,256,275,2021-02-20 22:23:40.843811,,
49,KaOS,247,250,269,211,2021-02-20 22:23:40.843811,,
50,NomadBSD,180,143,173,305,2021-02-20 22:23:40.843811,,
51,RebornOS,112,200,263,196,2021-02-20 22:23:40.843811,,
52,Ultimate,211,216,234,305,2021-02-20 22:23:40.843811,,
53,Gentoo,252,242,249,252,2021-02-20 22:23:40.843811,,
54,Archman,258,203,187,136,2021-02-20 22:23:40.843811,,
55,NixOS,227,239,195,197,2021-02-20 22:23:40.843811,,
56,Septor,176,209,250,245,2021-02-20 22:23:40.843811,,
57,Qubes,166,190,215,290,2021-02-20 22:23:40.843811,,
58,Tiny Core,182,173,200,290,2021-02-20 22:23:40.843811,,
59,PureOS,242,231,242,243,2021-02-20 22:23:40.843811,,
60,AV Linux,188,180,247,145,2021-02-20 22:23:40.843811,,
61,Redcore,99,107,165,280,2021-02-20 22:23:40.843811,,
62,4MLinux,227,229,232,180,2021-02-20 22:23:40.843811,,
63,Bodhi,237,190,190,193,2021-02-20 22:23:40.843811,,
64,Artix,220,224,230,238,2021-02-20 22:23:40.843811,,
65,Finnix,91,83,115,271,2021-02-20 22:23:40.843811,,
66,Ubuntu DP,138,218,157,167,2021-02-20 22:23:40.843811,,
67,RasPiOS,172,207,242,171,2021-02-20 22:23:40.843811,,
68,Feren,208,214,200,183,2021-02-20 22:23:40.843811,,
69,Red Hat,205,186,186,198,2021-02-20 22:23:40.843811,,
70,Diamond,18,37,75,229,2021-02-20 22:23:40.843811,,
71,Voyager,203,200,145,151,2021-02-20 22:23:40.843811,,
72,siduction,43,48,84,223,2021-02-20 22:23:40.843811,,
73,Kodachi,198,192,160,167,2021-02-20 22:23:40.843811,,
74,Ubuntu Studio,177,165,161,216,2021-02-20 22:23:40.843811,,
75,ClearOS,194,177,180,171,2021-02-20 22:23:40.843811,,
76,KNOPPIX,192,185,191,209,2021-02-20 22:23:40.843811,,
77,Enso,116,195,110,113,2021-02-20 22:23:40.843811,,
78,BunsenLabs,190,167,160,159,2021-02-20 22:23:40.843811,,
79,Absolute,187,192,144,148,2021-02-20 22:23:40.843811,,
80,Emmabuntüs,190,176,179,133,2021-02-20 22:23:40.843811,,
81,Nitrux,189,188,169,129,2021-02-20 22:23:40.843811,,
82,ArchBang,166,190,152,129,2021-02-20 22:23:40.843811,,
83,OPNsense,61,63,89,196,2021-02-20 22:23:40.843811,,
84,Ubuntu Budgie,188,160,145,189,2021-02-20 22:23:40.843811,,
85,BlackArch,159,155,184,132,2021-02-20 22:23:40.843811,,
86,Haiku,182,154,152,148,2021-02-20 22:23:40.843811,,
87,Elive,169,169,180,129,2021-02-20 22:23:40.843811,,
88,GParted,99,118,146,191,2021-02-20 22:23:40.843811,,
89,Zentyal,58,59,85,191,2021-02-20 22:23:40.843811,,
90,LXLE,181,171,171,177,2021-02-20 22:23:40.843811,,
91,ALT,180,150,151,149,2021-02-20 22:23:40.843811,,
92,Trisquel,163,180,149,138,2021-02-20 22:23:40.843811,,
93,XigmaNAS,51,62,88,189,2021-02-20 22:23:40.843811,,
94,ExTiX,151,152,170,103,2021-02-20 22:23:40.843811,,
95,CRUX,82,118,161,65,2021-02-20 22:23:40.843811,,
96,OpenBSD,172,163,148,156,2021-02-20 22:23:40.843811,,
97,Netrunner,171,134,144,148,2021-02-20 22:23:40.843811,,
98,Oracle,139,156,160,138,2021-02-20 22:23:40.843811,,
99,DragonFly,165,145,134,142,2021-02-20 22:23:40.843811,,
100,MakuluLinux,165,134,111,121,2021-02-20 22:23:40.843811,,
101,ROSA,142,136,150,135,2021-02-20 22:23:40.843811,,
102,Clear,157,134,142,139,2021-02-20 22:23:40.843811,,
103,Redo,118,150,95,94,2021-02-20 22:23:40.843811,,
104,SmartOS,138,135,132,148,2021-02-20 22:23:40.843811,,
105,Robolinux,151,95,85,52,2021-02-20 22:23:40.843811,,
106,Sabayon,146,139,144,137,2021-02-20 22:23:40.843811,,
107,Clonezilla,98,82,86,144,2021-02-20 22:23:40.843811,,
108,SteamOS,145,138,144,141,2021-02-20 22:23:40.843811,,
109,Volumio,144,135,144,105,2021-02-20 22:23:40.843811,,
110,MidnightBSD,93,138,106,121,2021-02-20 22:23:40.843811,,
111,EuroLinux,64,90,144,43,2021-02-20 22:23:40.843811,,
112,Simplicity,141,76,47,38,2021-02-20 22:23:40.843811,,
113,Parted Magic,90,136,125,115,2021-02-20 22:23:40.843811,,
114,ArchLabs,138,124,100,79,2021-02-20 22:23:40.843811,,
115,Kwort,60,92,138,54,2021-02-20 22:23:40.843811,,
116,Obarun,129,90,82,48,2021-02-20 22:23:40.843811,,
117,Guix System,86,93,137,56,2021-02-20 22:23:40.843811,,
118,NuTyX,114,130,125,104,2021-02-20 22:23:40.843811,,
119,UBports,107,121,101,47,2021-02-20 22:23:40.843811,,
120,SystemRescue,111,104,83,58,2021-02-20 22:23:40.843811,,
121,Snal,50,101,120,40,2021-02-20 22:23:40.843811,,
122,PrimTux,54,79,73,128,2021-02-20 22:23:40.843811,,
123,Slackel,91,80,119,52,2021-02-20 22:23:40.843811,,
124,GoboLinux,106,59,40,43,2021-02-20 22:23:40.843811,,
125,CloudReady,88,108,100,116,2021-02-20 22:23:40.843811,,
126,Zenwalk,100,89,118,60,2021-02-20 22:23:40.843811,,
127,Trident,102,63,45,46,2021-02-20 22:23:40.843811,,
128,T2,54,74,117,38,2021-02-20 22:23:40.843811,,
129,Arya,101,53,43,43,2021-02-20 22:23:40.843811,,
130,Porteus,101,86,86,82,2021-02-20 22:23:40.843811,,
131,pfSense,66,55,65,114,2021-02-20 22:23:40.843811,,
132,Rescuezilla,76,97,103,45,2021-02-20 22:23:40.843811,,
133,Debian Edu,75,80,86,105,2021-02-20 22:23:40.843811,,
134,IPFire,96,92,72,56,2021-02-20 22:23:40.843811,,
135,Anarchy,96,72,71,72,2021-02-20 22:23:40.843811,,
136,Live Raizo,72,86,80,96,2021-02-20 22:23:40.843811,,
137,Whonix,96,90,64,65,2021-02-20 22:23:40.843811,,
138,Univention,78,83,100,30,2021-02-20 22:23:40.843811,,
139,LibreELEC,92,54,45,43,2021-02-20 22:23:40.843811,,
140,SliTaz,81,78,79,80,2021-02-20 22:23:40.843811,,
141,Linspire,50,62,89,44,2021-02-20 22:23:40.843811,,
142,BackBox,90,64,63,63,2021-02-20 22:23:40.843811,,
143,LFS,78,85,54,53,2021-02-20 22:23:40.843811,,
144,Zeroshell,47,61,89,62,2021-02-20 22:23:40.843811,,
145,Slax,88,67,69,72,2021-02-20 22:23:40.843811,,
146,Calculate,89,68,68,69,2021-02-20 22:23:40.843811,,
147,OpenIndiana,83,83,49,48,2021-02-20 22:23:40.843811,,
148,batocera,52,63,88,47,2021-02-20 22:23:40.843811,,
149,GeeXboX,19,33,60,69,2021-02-20 22:23:40.843811,,
150,Swift,58,83,34,36,2021-02-20 22:23:40.843811,,
151,NethServer,46,57,87,32,2021-02-20 22:23:40.843811,,
152,Parabola,66,63,64,68,2021-02-20 22:23:40.843811,,
153,Funtoo,59,63,75,67,2021-02-20 22:23:40.843811,,
154,BEE free,87,62,39,40,2021-02-20 22:23:40.843811,,
155,SUSE,75,65,69,67,2021-02-20 22:23:40.843811,,
156,RISC,59,82,41,42,2021-02-20 22:23:40.843811,,
157,Lakka,84,52,54,54,2021-02-20 22:23:40.843811,,
158,KolibriOS,63,60,63,65,2021-02-20 22:23:40.843811,,
159,Neptune,79,49,50,49,2021-02-20 22:23:40.843811,,
160,TrueNAS,55,56,63,60,2021-02-20 22:23:40.843811,,
161,Runtu,71,75,43,44,2021-02-20 22:23:40.843811,,
162,openmamba,42,54,81,35,2021-02-20 22:23:40.843811,,
163,NetBSD,75,71,57,58,2021-02-20 22:23:40.843811,,
164,OpenMediaVault,77,62,53,56,2021-02-20 22:23:40.843811,,
165,APODIO,56,68,44,44,2021-02-20 22:23:40.843811,,
166,CAELinux,68,68,42,42,2021-02-20 22:23:40.843811,,
167,OSMC,59,65,74,33,2021-02-20 22:23:40.843811,,
168,LinuxConsole,51,49,50,55,2021-02-20 22:23:40.843811,,
169,SolydXK,75,53,49,49,2021-02-20 22:23:40.843811,,
170,Scientific,43,47,51,55,2021-02-20 22:23:40.843811,,
171,Proxmox,57,65,67,44,2021-02-20 22:23:40.843811,,
172,Star,67,43,43,44,2021-02-20 22:23:40.843811,,
173,tuxtrans,36,47,69,25,2021-02-20 22:23:40.843811,,
174,Pardus,66,59,45,45,2021-02-20 22:23:40.843811,,
175,Solaris,52,49,51,52,2021-02-20 22:23:40.843811,,
176,3CX,49,49,49,51,2021-02-20 22:23:40.843811,,
177,Hyperbola,51,48,48,50,2021-02-20 22:23:40.843811,,
178,SuperGamer,62,40,40,40,2021-02-20 22:23:40.843811,,
179,Pinguy,47,46,46,49,2021-02-20 22:23:40.843811,,
180,FuguIta,51,62,49,46,2021-02-20 22:23:40.843811,,
181,Exe,60,41,43,43,2021-02-20 22:23:40.843811,,
182,EasyNAS,54,44,45,48,2021-02-20 22:23:40.843811,,
183,Springdale,37,44,58,40,2021-02-20 22:23:40.843811,,
184,Ufficio Zero,59,38,39,41,2021-02-20 22:23:40.843811,,
185,ArchStrike,46,46,46,46,2021-02-20 22:23:40.843811,,
186,RancherOS,40,44,54,41,2021-02-20 22:23:40.843811,,
187,Wifislax,45,45,45,46,2021-02-20 22:23:40.843811,,
188,Bedrock,43,43,42,45,2021-02-20 22:23:40.843811,,
189,Porteus Kiosk,56,50,30,32,2021-02-20 22:23:40.843811,,
190,OviOS,42,56,29,29,2021-02-20 22:23:40.843811,,
191,ClonOS,40,41,42,45,2021-02-20 22:23:40.843811,,
192,KANOTIX,52,42,42,43,2021-02-20 22:23:40.843811,,
193,TENS,52,42,44,44,2021-02-20 22:23:40.843811,,
194,Karoshi,51,52,41,30,2021-02-20 22:23:40.843811,,
195,Endian,40,51,35,34,2021-02-20 22:23:40.843811,,
196,BigLinux,41,41,42,43,2021-02-20 22:23:40.843811,,
197,Untangle,45,50,32,32,2021-02-20 22:23:40.843811,,
198,PakOS,11,22,45,33,2021-02-20 22:23:40.843811,,
199,Fatdog64,40,40,40,43,2021-02-20 22:23:40.843811,,
200,AcademiX,50,41,41,42,2021-02-20 22:23:40.843811,,
201,HardenedBSD,39,41,44,43,2021-02-20 22:23:40.843811,,
202,RebeccaBlackOS,50,34,34,36,2021-02-20 22:23:40.843811,,
203,SME Server,31,30,34,43,2021-02-20 22:23:40.843811,,
204,Grml,49,30,31,33,2021-02-20 22:23:40.843811,,
205,blackPanther,43,43,42,43,2021-02-20 22:23:40.843811,,
206,Rescatux,49,33,33,36,2021-02-20 22:23:40.843811,,
207,Bicom,48,29,27,29,2021-02-20 22:23:40.843811,,
208,Pearl,42,40,40,42,2021-02-20 22:23:40.843811,,
209,BSDRP,46,34,35,36,2021-02-20 22:23:40.843811,,
210,Berry,46,36,36,36,2021-02-20 22:23:40.843811,,
211,VyOS,37,37,37,41,2021-02-20 22:23:40.843811,,
212,Greenie,46,29,29,30,2021-02-20 22:23:40.843811,,
213,CAINE,42,42,41,40,2021-02-20 22:23:40.843811,,
214,TurnKey,46,28,28,28,2021-02-20 22:23:40.843811,,
215,Daphile,36,37,38,40,2021-02-20 22:23:40.843811,,
216,Dragora,38,36,37,40,2021-02-20 22:23:40.843811,,
217,Lunar,41,41,41,40,2021-02-20 22:23:40.843811,,
218,Pentoo,37,37,38,40,2021-02-20 22:23:40.843811,,
219,Vine,37,37,38,39,2021-02-20 22:23:40.843811,,
220,DietPi,42,37,38,37,2021-02-20 22:23:40.843811,,
221,Exherbo,41,39,38,38,2021-02-20 22:23:40.843811,,
222,KISS,42,37,37,38,2021-02-20 22:23:40.843811,,
223,Namib,39,37,37,38,2021-02-20 22:23:40.843811,,
224,Pisi,36,36,37,38,2021-02-20 22:23:40.843811,,
225,BOSS,36,35,35,36,2021-02-20 22:23:40.843811,,
226,Omarine,41,27,27,27,2021-02-20 22:23:40.843811,,
227,Zevenet,41,27,28,29,2021-02-20 22:23:40.843811,,
228,MLL,36,35,35,36,2021-02-20 22:23:40.843811,,
229,Photon,32,33,34,36,2021-02-20 22:23:40.843811,,
230,SuperX,37,37,36,36,2021-02-20 22:23:40.843811,,
231,NST,40,30,30,28,2021-02-20 22:23:40.843811,,
232,Plamo,40,31,31,32,2021-02-20 22:23:40.843811,,
233,Secure-K,35,35,35,35,2021-02-20 22:23:40.843811,,
234,Asianux,32,33,34,34,2021-02-20 22:23:40.843811,,
235,LuninuX,38,34,33,33,2021-02-20 22:23:40.843811,,
236,UBOS,34,34,35,33,2021-02-20 22:23:40.843811,,
237,Plop,33,33,34,34,2021-02-20 22:23:40.843811,,
238,Thinstation,31,31,33,34,2021-02-20 22:23:40.843811,,
239,Freespire,33,32,32,33,2021-02-20 22:23:40.843811,,
240,Sophos,32,32,33,33,2021-02-20 22:23:40.843811,,
241,Source Mage,32,32,33,33,2021-02-20 22:23:40.843811,,
242,Smoothwall,36,28,29,30,2021-02-20 22:23:40.843811,,
243,BlueOnyx,31,31,32,32,2021-02-20 22:23:40.843811,,
244,Recalbox,35,31,31,32,2021-02-20 22:23:40.843811,,
245,LliureX,32,32,32,32,2021-02-20 22:23:40.843811,,
246,ForLEx,30,30,31,32,2021-02-20 22:23:40.843811,,
247,FreedomBox,30,30,31,32,2021-02-20 22:23:40.843811,,
248,RDS,34,25,25,24,2021-02-20 22:23:40.843811,,
249,Elastix,30,31,31,31,2021-02-20 22:23:40.843811,,
250,Rocks Cluster,30,31,32,30,2021-02-20 22:23:40.843811,,
251,Baltix,10,18,31,30,2021-02-20 22:23:40.843811,,
252,Canaima,17,30,29,29,2021-02-20 22:23:40.843811,,
253,HamoniKR,18,28,28,31,2021-02-20 22:23:40.843811,,
254,Refracta,31,30,31,30,2021-02-20 22:23:40.843811,,
255,Hanthana,28,29,29,30,2021-02-20 22:23:40.843811,,
256,LinHES,29,29,29,30,2021-02-20 22:23:40.843811,,
257,REMnux,30,27,27,26,2021-02-20 22:23:40.843811,,
258,Super Grub2,30,29,29,30,2021-02-20 22:23:40.843811,,
259,Uruk,28,28,28,30,2021-02-20 22:23:40.843811,,
260,NexentaStor,28,28,28,29,2021-02-20 22:23:40.843811,,
261,Securepoint,27,28,27,26,2021-02-20 22:23:40.843811,,
262,YunoHost,27,28,29,29,2021-02-20 22:23:40.843811,,
263,OLPC,28,27,28,27,2021-02-20 22:23:40.843811,,
264,ToOpPy,28,28,28,28,2021-02-20 22:23:40.843811,,
265,PLD,27,27,28,28,2021-02-20 22:23:40.843811,,
266,paldo,28,27,27,27,2021-02-20 22:23:40.843811,,
267,Baruwa,26,27,27,27,2021-02-20 22:23:40.843811,,
268,FreePBX,26,27,27,27,2021-02-20 22:23:40.843811,,
269,Webconverger,26,26,26,28,2021-02-20 22:23:40.843811,,
270,RSS,26,26,26,26,2021-02-20 22:23:40.843811,,
271,SELKS,26,26,26,27,2021-02-20 22:23:40.843811,,
272,OB2D,25,24,24,26,2021-02-20 22:23:40.843811,,
273,OSGeoLive,25,25,25,26,2021-02-20 22:23:40.843811,,
274,DRBL,24,24,24,25,2021-02-20 22:23:40.843811,,
275,Omoikane,24,24,24,24,2021-02-20 22:23:40.843811,,
276,Alma,0,0,0,1,2021-02-20 22:23:40.843811,,
277,MX Linux,3713,3422,3444,3561,2021-02-20 22:20:50.544912,,
278,Manjaro,2611,2419,2507,2475,2021-02-20 22:20:50.544912,,
279,Mint,2342,2120,2341,2165,2021-02-20 22:20:50.544912,,
280,Pop!_OS,1664,2097,2133,2038,2021-02-20 22:20:50.544912,,
281,Ubuntu,1567,1382,1357,1508,2021-02-20 22:20:50.544912,,
282,EndeavourOS,925,1188,1444,1742,2021-02-20 22:20:50.544912,,
283,Debian,1375,1275,1352,1391,2021-02-20 22:20:50.544912,,
284,elementary,1277,1148,1189,1258,2021-02-20 22:20:50.544912,,
285,Fedora,1017,984,922,963,2021-02-20 22:20:50.544912,,
286,Solus,978,810,830,1036,2021-02-20 22:20:50.544912,,
287,openSUSE,775,769,845,808,2021-02-20 22:20:50.544912,,
288,KDE neon,862,770,743,746,2021-02-20 22:20:50.544912,,
289,Zorin,836,680,599,612,2021-02-20 22:20:50.544912,,
290,PCLinuxOS,539,488,509,752,2021-02-20 22:20:50.544912,,
291,deepin,782,685,635,544,2021-02-20 22:20:50.544912,,
292,Ubuntu Kylin,737,693,646,384,2021-02-20 22:20:50.544912,,
293,Garuda,291,580,649,712,2021-02-20 22:20:50.544912,,
294,Arch,681,630,624,635,2021-02-20 22:20:50.544912,,
295,Linuxfx,525,633,583,581,2021-02-20 22:20:50.544912,,
296,antiX,643,562,541,525,2021-02-20 22:20:50.544912,,
297,Puppy,535,574,602,563,2021-02-20 22:20:50.544912,,
298,Mageia,392,431,530,596,2021-02-20 22:20:50.544912,,
299,CentOS,575,513,500,440,2021-02-20 22:20:50.544912,,
300,ArcoLinux,530,472,458,414,2021-02-20 22:20:50.544912,,
301,Slackware,345,344,389,503,2021-02-20 22:20:50.544912,,
302,Kali,495,461,450,449,2021-02-20 22:20:50.544912,,
303,Q4OS,375,409,502,440,2021-02-20 22:20:50.544912,,
304,FreeBSD,415,431,394,489,2021-02-20 22:20:50.544912,,
305,Lite,437,406,345,344,2021-02-20 22:20:50.544912,,
306,Alpine,310,327,414,483,2021-02-20 22:20:50.544912,,
307,SparkyLinux,398,355,320,355,2021-02-20 22:20:50.544912,,
308,Devuan,312,277,311,442,2021-02-20 22:20:50.544912,,
309,Lubuntu,385,343,330,354,2021-02-20 22:20:50.544912,,
310,EasyOS,380,359,384,210,2021-02-20 22:20:50.544912,,
311,Peppermint,375,333,326,329,2021-02-20 22:20:50.544912,,
312,Tails,355,338,338,396,2021-02-20 22:20:50.544912,,
313,Xubuntu,333,304,297,364,2021-02-20 22:20:50.544912,,
314,Kubuntu,325,298,295,343,2021-02-20 22:20:50.544912,,
315,GhostBSD,263,255,324,326,2021-02-20 22:20:50.544912,,
316,Bluestar,276,293,315,351,2021-02-20 22:20:50.544912,,
317,Parrot,299,264,251,257,2021-02-20 22:20:50.544912,,
318,Endless,296,267,232,290,2021-02-20 22:20:50.544912,,
319,Android-x86,295,236,246,313,2021-02-20 22:20:50.544912,,
320,OpenMandriva,177,176,244,320,2021-02-20 22:20:50.544912,,
321,Void,281,266,282,295,2021-02-20 22:20:50.544912,,
322,ReactOS,287,220,208,208,2021-02-20 22:20:50.544912,,
323,Gecko,192,217,277,164,2021-02-20 22:20:50.544912,,
324,Mabox,29,57,116,305,2021-02-20 22:20:50.544912,,
325,Ubuntu MATE,279,256,256,275,2021-02-20 22:20:50.544912,,
326,KaOS,247,250,269,211,2021-02-20 22:20:50.544912,,
327,NomadBSD,180,143,173,305,2021-02-20 22:20:50.544912,,
328,RebornOS,112,200,263,196,2021-02-20 22:20:50.544912,,
329,Ultimate,211,216,234,305,2021-02-20 22:20:50.544912,,
330,Gentoo,252,242,249,252,2021-02-20 22:20:50.544912,,
331,Archman,258,203,187,136,2021-02-20 22:20:50.544912,,
332,NixOS,227,239,195,197,2021-02-20 22:20:50.544912,,
333,Septor,176,209,250,245,2021-02-20 22:20:50.544912,,
334,Qubes,166,190,215,290,2021-02-20 22:20:50.544912,,
335,Tiny Core,182,173,200,290,2021-02-20 22:20:50.544912,,
336,PureOS,242,231,242,243,2021-02-20 22:20:50.544912,,
337,AV Linux,188,180,247,145,2021-02-20 22:20:50.544912,,
338,Redcore,99,107,165,280,2021-02-20 22:20:50.544912,,
339,4MLinux,227,229,232,180,2021-02-20 22:20:50.544912,,
340,Bodhi,237,190,190,193,2021-02-20 22:20:50.544912,,
341,Artix,220,224,230,238,2021-02-20 22:20:50.544912,,
342,Finnix,91,83,115,271,2021-02-20 22:20:50.544912,,
343,Ubuntu DP,138,218,157,167,2021-02-20 22:20:50.544912,,
344,RasPiOS,172,207,242,171,2021-02-20 22:20:50.544912,,
345,Feren,208,214,200,183,2021-02-20 22:20:50.544912,,
346,Red Hat,205,186,186,198,2021-02-20 22:20:50.544912,,
347,Diamond,18,37,75,229,2021-02-20 22:20:50.544912,,
348,Voyager,203,200,145,151,2021-02-20 22:20:50.544912,,
349,siduction,43,48,84,223,2021-02-20 22:20:50.544912,,
350,Kodachi,198,192,160,167,2021-02-20 22:20:50.544912,,
351,Ubuntu Studio,177,165,161,216,2021-02-20 22:20:50.544912,,
352,ClearOS,194,177,180,171,2021-02-20 22:20:50.544912,,
353,KNOPPIX,192,185,191,209,2021-02-20 22:20:50.544912,,
354,Enso,116,195,110,113,2021-02-20 22:20:50.544912,,
355,BunsenLabs,190,167,160,159,2021-02-20 22:20:50.544912,,
356,Absolute,187,192,144,148,2021-02-20 22:20:50.544912,,
357,Emmabuntüs,190,176,179,133,2021-02-20 22:20:50.544912,,
358,Nitrux,189,188,169,129,2021-02-20 22:20:50.544912,,
359,ArchBang,166,190,152,129,2021-02-20 22:20:50.544912,,
360,OPNsense,61,63,89,196,2021-02-20 22:20:50.544912,,
361,Ubuntu Budgie,188,160,145,189,2021-02-20 22:20:50.544912,,
362,BlackArch,159,155,184,132,2021-02-20 22:20:50.544912,,
363,Haiku,182,154,152,148,2021-02-20 22:20:50.544912,,
364,Elive,169,169,180,129,2021-02-20 22:20:50.544912,,
365,GParted,99,118,146,191,2021-02-20 22:20:50.544912,,
366,Zentyal,58,59,85,191,2021-02-20 22:20:50.544912,,
367,LXLE,181,171,171,177,2021-02-20 22:20:50.544912,,
368,ALT,180,150,151,149,2021-02-20 22:20:50.544912,,
369,Trisquel,163,180,149,138,2021-02-20 22:20:50.544912,,
370,XigmaNAS,51,62,88,189,2021-02-20 22:20:50.544912,,
371,ExTiX,151,152,170,103,2021-02-20 22:20:50.544912,,
372,CRUX,82,118,161,65,2021-02-20 22:20:50.544912,,
373,OpenBSD,172,163,148,156,2021-02-20 22:20:50.544912,,
374,Netrunner,171,134,144,148,2021-02-20 22:20:50.544912,,
375,Oracle,139,156,160,138,2021-02-20 22:20:50.544912,,
376,DragonFly,165,145,134,142,2021-02-20 22:20:50.544912,,
377,MakuluLinux,165,134,111,121,2021-02-20 22:20:50.544912,,
378,ROSA,142,136,150,135,2021-02-20 22:20:50.544912,,
379,Clear,157,134,142,139,2021-02-20 22:20:50.544912,,
380,Redo,118,150,95,94,2021-02-20 22:20:50.544912,,
381,SmartOS,138,135,132,148,2021-02-20 22:20:50.544912,,
382,Robolinux,151,95,85,52,2021-02-20 22:20:50.544912,,
383,Sabayon,146,139,144,137,2021-02-20 22:20:50.544912,,
384,Clonezilla,98,82,86,144,2021-02-20 22:20:50.544912,,
385,SteamOS,145,138,144,141,2021-02-20 22:20:50.544912,,
386,Volumio,144,135,144,105,2021-02-20 22:20:50.544912,,
387,MidnightBSD,93,138,106,121,2021-02-20 22:20:50.544912,,
388,EuroLinux,64,90,144,43,2021-02-20 22:20:50.544912,,
389,Simplicity,141,76,47,38,2021-02-20 22:20:50.544912,,
390,Parted Magic,90,136,125,115,2021-02-20 22:20:50.544912,,
391,ArchLabs,138,124,100,79,2021-02-20 22:20:50.544912,,
392,Kwort,60,92,138,54,2021-02-20 22:20:50.544912,,
393,Obarun,129,90,82,48,2021-02-20 22:20:50.544912,,
394,Guix System,86,93,137,56,2021-02-20 22:20:50.544912,,
395,NuTyX,114,130,125,104,2021-02-20 22:20:50.544912,,
396,UBports,107,121,101,47,2021-02-20 22:20:50.544912,,
397,SystemRescue,111,104,83,58,2021-02-20 22:20:50.544912,,
398,Snal,50,101,120,40,2021-02-20 22:20:50.544912,,
399,PrimTux,54,79,73,128,2021-02-20 22:20:50.544912,,
400,Slackel,91,80,119,52,2021-02-20 22:20:50.544912,,
401,GoboLinux,106,59,40,43,2021-02-20 22:20:50.544912,,
402,CloudReady,88,108,100,116,2021-02-20 22:20:50.544912,,
403,Zenwalk,100,89,118,60,2021-02-20 22:20:50.544912,,
404,Trident,102,63,45,46,2021-02-20 22:20:50.544912,,
405,T2,54,74,117,38,2021-02-20 22:20:50.544912,,
406,Arya,101,53,43,43,2021-02-20 22:20:50.544912,,
407,Porteus,101,86,86,82,2021-02-20 22:20:50.544912,,
408,pfSense,66,55,65,114,2021-02-20 22:20:50.544912,,
409,Rescuezilla,76,97,103,45,2021-02-20 22:20:50.544912,,
410,Debian Edu,75,80,86,105,2021-02-20 22:20:50.544912,,
411,IPFire,96,92,72,56,2021-02-20 22:20:50.544912,,
412,Anarchy,96,72,71,72,2021-02-20 22:20:50.544912,,
413,Live Raizo,72,86,80,96,2021-02-20 22:20:50.544912,,
414,Whonix,96,90,64,65,2021-02-20 22:20:50.544912,,
415,Univention,78,83,100,30,2021-02-20 22:20:50.544912,,
416,LibreELEC,92,54,45,43,2021-02-20 22:20:50.544912,,
417,SliTaz,81,78,79,80,2021-02-20 22:20:50.544912,,
418,Linspire,50,62,89,44,2021-02-20 22:20:50.544912,,
419,BackBox,90,64,63,63,2021-02-20 22:20:50.544912,,
420,LFS,78,85,54,53,2021-02-20 22:20:50.544912,,
421,Zeroshell,47,61,89,62,2021-02-20 22:20:50.544912,,
422,Slax,88,67,69,72,2021-02-20 22:20:50.544912,,
423,Calculate,89,68,68,69,2021-02-20 22:20:50.544912,,
424,OpenIndiana,83,83,49,48,2021-02-20 22:20:50.544912,,
425,batocera,52,63,88,47,2021-02-20 22:20:50.544912,,
426,GeeXboX,19,33,60,69,2021-02-20 22:20:50.544912,,
427,Swift,58,83,34,36,2021-02-20 22:20:50.544912,,
428,NethServer,46,57,87,32,2021-02-20 22:20:50.544912,,
429,Parabola,66,63,64,68,2021-02-20 22:20:50.544912,,
430,Funtoo,59,63,75,67,2021-02-20 22:20:50.544912,,
431,BEE free,87,62,39,40,2021-02-20 22:20:50.544912,,
432,SUSE,75,65,69,67,2021-02-20 22:20:50.544912,,
433,RISC,59,82,41,42,2021-02-20 22:20:50.544912,,
434,Lakka,84,52,54,54,2021-02-20 22:20:50.544912,,
435,KolibriOS,63,60,63,65,2021-02-20 22:20:50.544912,,
436,Neptune,79,49,50,49,2021-02-20 22:20:50.544912,,
437,TrueNAS,55,56,63,60,2021-02-20 22:20:50.544912,,
438,Runtu,71,75,43,44,2021-02-20 22:20:50.544912,,
439,openmamba,42,54,81,35,2021-02-20 22:20:50.544912,,
440,NetBSD,75,71,57,58,2021-02-20 22:20:50.544912,,
441,OpenMediaVault,77,62,53,56,2021-02-20 22:20:50.544912,,
442,APODIO,56,68,44,44,2021-02-20 22:20:50.544912,,
443,CAELinux,68,68,42,42,2021-02-20 22:20:50.544912,,
444,OSMC,59,65,74,33,2021-02-20 22:20:50.544912,,
445,LinuxConsole,51,49,50,55,2021-02-20 22:20:50.544912,,
446,SolydXK,75,53,49,49,2021-02-20 22:20:50.544912,,
447,Scientific,43,47,51,55,2021-02-20 22:20:50.544912,,
448,Proxmox,57,65,67,44,2021-02-20 22:20:50.544912,,
449,Star,67,43,43,44,2021-02-20 22:20:50.544912,,
450,tuxtrans,36,47,69,25,2021-02-20 22:20:50.544912,,
451,Pardus,66,59,45,45,2021-02-20 22:20:50.544912,,
452,Solaris,52,49,51,52,2021-02-20 22:20:50.544912,,
453,3CX,49,49,49,51,2021-02-20 22:20:50.544912,,
454,Hyperbola,51,48,48,50,2021-02-20 22:20:50.544912,,
455,SuperGamer,62,40,40,40,2021-02-20 22:20:50.544912,,
456,Pinguy,47,46,46,49,2021-02-20 22:20:50.544912,,
457,FuguIta,51,62,49,46,2021-02-20 22:20:50.544912,,
458,Exe,60,41,43,43,2021-02-20 22:20:50.544912,,
459,EasyNAS,54,44,45,48,2021-02-20 22:20:50.544912,,
460,Springdale,37,44,58,40,2021-02-20 22:20:50.544912,,
461,Ufficio Zero,59,38,39,41,2021-02-20 22:20:50.544912,,
462,ArchStrike,46,46,46,46,2021-02-20 22:20:50.544912,,
463,RancherOS,40,44,54,41,2021-02-20 22:20:50.544912,,
464,Wifislax,45,45,45,46,2021-02-20 22:20:50.544912,,
465,Bedrock,43,43,42,45,2021-02-20 22:20:50.544912,,
466,Porteus Kiosk,56,50,30,32,2021-02-20 22:20:50.544912,,
467,OviOS,42,56,29,29,2021-02-20 22:20:50.544912,,
468,ClonOS,40,41,42,45,2021-02-20 22:20:50.544912,,
469,KANOTIX,52,42,42,43,2021-02-20 22:20:50.544912,,
470,TENS,52,42,44,44,2021-02-20 22:20:50.544912,,
471,Karoshi,51,52,41,30,2021-02-20 22:20:50.544912,,
472,Endian,40,51,35,34,2021-02-20 22:20:50.544912,,
473,BigLinux,41,41,42,43,2021-02-20 22:20:50.544912,,
474,Untangle,45,50,32,32,2021-02-20 22:20:50.544912,,
475,PakOS,11,22,45,33,2021-02-20 22:20:50.544912,,
476,Fatdog64,40,40,40,43,2021-02-20 22:20:50.544912,,
477,AcademiX,50,41,41,42,2021-02-20 22:20:50.544912,,
478,HardenedBSD,39,41,44,43,2021-02-20 22:20:50.544912,,
479,RebeccaBlackOS,50,34,34,36,2021-02-20 22:20:50.544912,,
480,SME Server,31,30,34,43,2021-02-20 22:20:50.544912,,
481,Grml,49,30,31,33,2021-02-20 22:20:50.544912,,
482,blackPanther,43,43,42,43,2021-02-20 22:20:50.544912,,
483,Rescatux,49,33,33,36,2021-02-20 22:20:50.544912,,
484,Bicom,48,29,27,29,2021-02-20 22:20:50.544912,,
485,Pearl,42,40,40,42,2021-02-20 22:20:50.544912,,
486,BSDRP,46,34,35,36,2021-02-20 22:20:50.544912,,
487,Berry,46,36,36,36,2021-02-20 22:20:50.544912,,
488,VyOS,37,37,37,41,2021-02-20 22:20:50.544912,,
489,Greenie,46,29,29,30,2021-02-20 22:20:50.544912,,
490,CAINE,42,42,41,40,2021-02-20 22:20:50.544912,,
491,TurnKey,46,28,28,28,2021-02-20 22:20:50.544912,,
492,Daphile,36,37,38,40,2021-02-20 22:20:50.544912,,
493,Dragora,38,36,37,40,2021-02-20 22:20:50.544912,,
494,Lunar,41,41,41,40,2021-02-20 22:20:50.544912,,
495,Pentoo,37,37,38,40,2021-02-20 22:20:50.544912,,
496,Vine,37,37,38,39,2021-02-20 22:20:50.544912,,
497,DietPi,42,37,38,37,2021-02-20 22:20:50.544912,,
498,Exherbo,41,39,38,38,2021-02-20 22:20:50.544912,,
499,KISS,42,37,37,38,2021-02-20 22:20:50.544912,,
500,Namib,39,37,37,38,2021-02-20 22:20:50.544912,,
501,Pisi,36,36,37,38,2021-02-20 22:20:50.544912,,
502,BOSS,36,35,35,36,2021-02-20 22:20:50.544912,,
503,Omarine,41,27,27,27,2021-02-20 22:20:50.544912,,
504,Zevenet,41,27,28,29,2021-02-20 22:20:50.544912,,
505,MLL,36,35,35,36,2021-02-20 22:20:50.544912,,
506,Photon,32,33,34,36,2021-02-20 22:20:50.544912,,
507,SuperX,37,37,36,36,2021-02-20 22:20:50.544912,,
508,NST,40,30,30,28,2021-02-20 22:20:50.544912,,
509,Plamo,40,31,31,32,2021-02-20 22:20:50.544912,,
510,Secure-K,35,35,35,35,2021-02-20 22:20:50.544912,,
511,Asianux,32,33,34,34,2021-02-20 22:20:50.544912,,
512,LuninuX,38,34,33,33,2021-02-20 22:20:50.544912,,
513,UBOS,34,34,35,33,2021-02-20 22:20:50.544912,,
514,Plop,33,33,34,34,2021-02-20 22:20:50.544912,,
515,Thinstation,31,31,33,34,2021-02-20 22:20:50.544912,,
516,Freespire,33,32,32,33,2021-02-20 22:20:50.544912,,
517,Sophos,32,32,33,33,2021-02-20 22:20:50.544912,,
518,Source Mage,32,32,33,33,2021-02-20 22:20:50.544912,,
519,Smoothwall,36,28,29,30,2021-02-20 22:20:50.544912,,
520,BlueOnyx,31,31,32,32,2021-02-20 22:20:50.544912,,
521,Recalbox,35,31,31,32,2021-02-20 22:20:50.544912,,
522,LliureX,32,32,32,32,2021-02-20 22:20:50.544912,,
523,ForLEx,30,30,31,32,2021-02-20 22:20:50.544912,,
524,FreedomBox,30,30,31,32,2021-02-20 22:20:50.544912,,
525,RDS,34,25,25,24,2021-02-20 22:20:50.544912,,
526,Elastix,30,31,31,31,2021-02-20 22:20:50.544912,,
527,Rocks Cluster,30,31,32,30,2021-02-20 22:20:50.544912,,
528,Baltix,10,18,31,30,2021-02-20 22:20:50.544912,,
529,Canaima,17,30,29,29,2021-02-20 22:20:50.544912,,
530,HamoniKR,18,28,28,31,2021-02-20 22:20:50.544912,,
531,Refracta,31,30,31,30,2021-02-20 22:20:50.544912,,
532,Hanthana,28,29,29,30,2021-02-20 22:20:50.544912,,
533,LinHES,29,29,29,30,2021-02-20 22:20:50.544912,,
534,REMnux,30,27,27,26,2021-02-20 22:20:50.544912,,
535,Super Grub2,30,29,29,30,2021-02-20 22:20:50.544912,,
536,Uruk,28,28,28,30,2021-02-20 22:20:50.544912,,
537,NexentaStor,28,28,28,29,2021-02-20 22:20:50.544912,,
538,Securepoint,27,28,27,26,2021-02-20 22:20:50.544912,,
539,YunoHost,27,28,29,29,2021-02-20 22:20:50.544912,,
540,OLPC,28,27,28,27,2021-02-20 22:20:50.544912,,
541,ToOpPy,28,28,28,28,2021-02-20 22:20:50.544912,,
542,PLD,27,27,28,28,2021-02-20 22:20:50.544912,,
543,paldo,28,27,27,27,2021-02-20 22:20:50.544912,,
544,Baruwa,26,27,27,27,2021-02-20 22:20:50.544912,,
545,FreePBX,26,27,27,27,2021-02-20 22:20:50.544912,,
546,Webconverger,26,26,26,28,2021-02-20 22:20:50.544912,,
547,RSS,26,26,26,26,2021-02-20 22:20:50.544912,,
548,SELKS,26,26,26,27,2021-02-20 22:20:50.544912,,
549,OB2D,25,24,24,26,2021-02-20 22:20:50.544912,,
550,OSGeoLive,25,25,25,26,2021-02-20 22:20:50.544912,,
551,DRBL,24,24,24,25,2021-02-20 22:20:50.544912,,
552,Omoikane,24,24,24,24,2021-02-20 22:20:50.544912,,
553,Alma,0,0,0,1,2021-02-20 22:20:50.544912,,
554,MX Linux,3713,3422,3444,3561,2021-02-20 22:20:34.072578,,
555,Manjaro,2611,2419,2507,2475,2021-02-20 22:20:34.072578,,
556,Mint,2342,2120,2341,2165,2021-02-20 22:20:34.072578,,
557,Pop!_OS,1664,2097,2133,2038,2021-02-20 22:20:34.072578,,
558,Ubuntu,1567,1382,1357,1508,2021-02-20 22:20:34.072578,,
559,EndeavourOS,925,1188,1444,1742,2021-02-20 22:20:34.072578,,
560,Debian,1375,1275,1352,1391,2021-02-20 22:20:34.072578,,
561,elementary,1277,1148,1189,1258,2021-02-20 22:20:34.072578,,
562,Fedora,1017,984,922,963,2021-02-20 22:20:34.072578,,
563,Solus,978,810,830,1036,2021-02-20 22:20:34.072578,,
564,openSUSE,775,769,845,808,2021-02-20 22:20:34.072578,,
565,KDE neon,862,770,743,746,2021-02-20 22:20:34.072578,,
566,Zorin,836,680,599,612,2021-02-20 22:20:34.072578,,
567,PCLinuxOS,539,488,509,752,2021-02-20 22:20:34.072578,,
568,deepin,782,685,635,544,2021-02-20 22:20:34.072578,,
569,Ubuntu Kylin,737,693,646,384,2021-02-20 22:20:34.072578,,
570,Garuda,291,580,649,712,2021-02-20 22:20:34.072578,,
571,Arch,681,630,624,635,2021-02-20 22:20:34.072578,,
572,Linuxfx,525,633,583,581,2021-02-20 22:20:34.072578,,
573,antiX,643,562,541,525,2021-02-20 22:20:34.072578,,
574,Puppy,535,574,602,563,2021-02-20 22:20:34.072578,,
575,Mageia,392,431,530,596,2021-02-20 22:20:34.072578,,
576,CentOS,575,513,500,440,2021-02-20 22:20:34.072578,,
577,ArcoLinux,530,472,458,414,2021-02-20 22:20:34.072578,,
578,Slackware,345,344,389,503,2021-02-20 22:20:34.072578,,
579,Kali,495,461,450,449,2021-02-20 22:20:34.072578,,
580,Q4OS,375,409,502,440,2021-02-20 22:20:34.072578,,
581,FreeBSD,415,431,394,489,2021-02-20 22:20:34.072578,,
582,Lite,437,406,345,344,2021-02-20 22:20:34.072578,,
583,Alpine,310,327,414,483,2021-02-20 22:20:34.072578,,
584,SparkyLinux,398,355,320,355,2021-02-20 22:20:34.072578,,
585,Devuan,312,277,311,442,2021-02-20 22:20:34.072578,,
586,Lubuntu,385,343,330,354,2021-02-20 22:20:34.072578,,
587,EasyOS,380,359,384,210,2021-02-20 22:20:34.072578,,
588,Peppermint,375,333,326,329,2021-02-20 22:20:34.072578,,
589,Tails,355,338,338,396,2021-02-20 22:20:34.072578,,
590,Xubuntu,333,304,297,364,2021-02-20 22:20:34.072578,,
591,Kubuntu,325,298,295,343,2021-02-20 22:20:34.072578,,
592,GhostBSD,263,255,324,326,2021-02-20 22:20:34.072578,,
593,Bluestar,276,293,315,351,2021-02-20 22:20:34.072578,,
594,Parrot,299,264,251,257,2021-02-20 22:20:34.072578,,
595,Endless,296,267,232,290,2021-02-20 22:20:34.072578,,
596,Android-x86,295,236,246,313,2021-02-20 22:20:34.072578,,
597,OpenMandriva,177,176,244,320,2021-02-20 22:20:34.072578,,
598,Void,281,266,282,295,2021-02-20 22:20:34.072578,,
599,ReactOS,287,220,208,208,2021-02-20 22:20:34.072578,,
600,Gecko,192,217,277,164,2021-02-20 22:20:34.072578,,
601,Mabox,29,57,116,305,2021-02-20 22:20:34.072578,,
602,Ubuntu MATE,279,256,256,275,2021-02-20 22:20:34.072578,,
603,KaOS,247,250,269,211,2021-02-20 22:20:34.072578,,
604,NomadBSD,180,143,173,305,2021-02-20 22:20:34.072578,,
605,RebornOS,112,200,263,196,2021-02-20 22:20:34.072578,,
606,Ultimate,211,216,234,305,2021-02-20 22:20:34.072578,,
607,Gentoo,252,242,249,252,2021-02-20 22:20:34.072578,,
608,Archman,258,203,187,136,2021-02-20 22:20:34.072578,,
609,NixOS,227,239,195,197,2021-02-20 22:20:34.072578,,
610,Septor,176,209,250,245,2021-02-20 22:20:34.072578,,
611,Qubes,166,190,215,290,2021-02-20 22:20:34.072578,,
612,Tiny Core,182,173,200,290,2021-02-20 22:20:34.072578,,
613,PureOS,242,231,242,243,2021-02-20 22:20:34.072578,,
614,AV Linux,188,180,247,145,2021-02-20 22:20:34.072578,,
615,Redcore,99,107,165,280,2021-02-20 22:20:34.072578,,
616,4MLinux,227,229,232,180,2021-02-20 22:20:34.072578,,
617,Bodhi,237,190,190,193,2021-02-20 22:20:34.072578,,
618,Artix,220,224,230,238,2021-02-20 22:20:34.072578,,
619,Finnix,91,83,115,271,2021-02-20 22:20:34.072578,,
620,Ubuntu DP,138,218,157,167,2021-02-20 22:20:34.072578,,
621,RasPiOS,172,207,242,171,2021-02-20 22:20:34.072578,,
622,Feren,208,214,200,183,2021-02-20 22:20:34.072578,,
623,Red Hat,205,186,186,198,2021-02-20 22:20:34.072578,,
624,Diamond,18,37,75,229,2021-02-20 22:20:34.072578,,
625,Voyager,203,200,145,151,2021-02-20 22:20:34.072578,,
626,siduction,43,48,84,223,2021-02-20 22:20:34.072578,,
627,Kodachi,198,192,160,167,2021-02-20 22:20:34.072578,,
628,Ubuntu Studio,177,165,161,216,2021-02-20 22:20:34.072578,,
629,ClearOS,194,177,180,171,2021-02-20 22:20:34.072578,,
630,KNOPPIX,192,185,191,209,2021-02-20 22:20:34.072578,,
631,Enso,116,195,110,113,2021-02-20 22:20:34.072578,,
632,BunsenLabs,190,167,160,159,2021-02-20 22:20:34.072578,,
633,Absolute,187,192,144,148,2021-02-20 22:20:34.072578,,
634,Emmabuntüs,190,176,179,133,2021-02-20 22:20:34.072578,,
635,Nitrux,189,188,169,129,2021-02-20 22:20:34.072578,,
636,ArchBang,166,190,152,129,2021-02-20 22:20:34.072578,,
637,OPNsense,61,63,89,196,2021-02-20 22:20:34.072578,,
638,Ubuntu Budgie,188,160,145,189,2021-02-20 22:20:34.072578,,
639,BlackArch,159,155,184,132,2021-02-20 22:20:34.072578,,
640,Haiku,182,154,152,148,2021-02-20 22:20:34.072578,,
641,Elive,169,169,180,129,2021-02-20 22:20:34.072578,,
642,GParted,99,118,146,191,2021-02-20 22:20:34.072578,,
643,Zentyal,58,59,85,191,2021-02-20 22:20:34.072578,,
644,LXLE,181,171,171,177,2021-02-20 22:20:34.072578,,
645,ALT,180,150,151,149,2021-02-20 22:20:34.072578,,
646,Trisquel,163,180,149,138,2021-02-20 22:20:34.072578,,
647,XigmaNAS,51,62,88,189,2021-02-20 22:20:34.072578,,
648,ExTiX,151,152,170,103,2021-02-20 22:20:34.072578,,
649,CRUX,82,118,161,65,2021-02-20 22:20:34.072578,,
650,OpenBSD,172,163,148,156,2021-02-20 22:20:34.072578,,
651,Netrunner,171,134,144,148,2021-02-20 22:20:34.072578,,
652,Oracle,139,156,160,138,2021-02-20 22:20:34.072578,,
653,DragonFly,165,145,134,142,2021-02-20 22:20:34.072578,,
654,MakuluLinux,165,134,111,121,2021-02-20 22:20:34.072578,,
655,ROSA,142,136,150,135,2021-02-20 22:20:34.072578,,
656,Clear,157,134,142,139,2021-02-20 22:20:34.072578,,
657,Redo,118,150,95,94,2021-02-20 22:20:34.072578,,
658,SmartOS,138,135,132,148,2021-02-20 22:20:34.072578,,
659,Robolinux,151,95,85,52,2021-02-20 22:20:34.072578,,
660,Sabayon,146,139,144,137,2021-02-20 22:20:34.072578,,
661,Clonezilla,98,82,86,144,2021-02-20 22:20:34.072578,,
662,SteamOS,145,138,144,141,2021-02-20 22:20:34.072578,,
663,Volumio,144,135,144,105,2021-02-20 22:20:34.072578,,
664,MidnightBSD,93,138,106,121,2021-02-20 22:20:34.072578,,
665,EuroLinux,64,90,144,43,2021-02-20 22:20:34.072578,,
666,Simplicity,141,76,47,38,2021-02-20 22:20:34.072578,,
667,Parted Magic,90,136,125,115,2021-02-20 22:20:34.072578,,
668,ArchLabs,138,124,100,79,2021-02-20 22:20:34.072578,,
669,Kwort,60,92,138,54,2021-02-20 22:20:34.072578,,
670,Obarun,129,90,82,48,2021-02-20 22:20:34.072578,,
671,Guix System,86,93,137,56,2021-02-20 22:20:34.072578,,
672,NuTyX,114,130,125,104,2021-02-20 22:20:34.072578,,
673,UBports,107,121,101,47,2021-02-20 22:20:34.072578,,
674,SystemRescue,111,104,83,58,2021-02-20 22:20:34.072578,,
675,Snal,50,101,120,40,2021-02-20 22:20:34.072578,,
676,PrimTux,54,79,73,128,2021-02-20 22:20:34.072578,,
677,Slackel,91,80,119,52,2021-02-20 22:20:34.072578,,
678,GoboLinux,106,59,40,43,2021-02-20 22:20:34.072578,,
679,CloudReady,88,108,100,116,2021-02-20 22:20:34.072578,,
680,Zenwalk,100,89,118,60,2021-02-20 22:20:34.072578,,
681,Trident,102,63,45,46,2021-02-20 22:20:34.072578,,
682,T2,54,74,117,38,2021-02-20 22:20:34.072578,,
683,Arya,101,53,43,43,2021-02-20 22:20:34.072578,,
684,Porteus,101,86,86,82,2021-02-20 22:20:34.072578,,
685,pfSense,66,55,65,114,2021-02-20 22:20:34.072578,,
686,Rescuezilla,76,97,103,45,2021-02-20 22:20:34.072578,,
687,Debian Edu,75,80,86,105,2021-02-20 22:20:34.072578,,
688,IPFire,96,92,72,56,2021-02-20 22:20:34.072578,,
689,Anarchy,96,72,71,72,2021-02-20 22:20:34.072578,,
690,Live Raizo,72,86,80,96,2021-02-20 22:20:34.072578,,
691,Whonix,96,90,64,65,2021-02-20 22:20:34.072578,,
692,Univention,78,83,100,30,2021-02-20 22:20:34.072578,,
693,LibreELEC,92,54,45,43,2021-02-20 22:20:34.072578,,
694,SliTaz,81,78,79,80,2021-02-20 22:20:34.072578,,
695,Linspire,50,62,89,44,2021-02-20 22:20:34.072578,,
696,BackBox,90,64,63,63,2021-02-20 22:20:34.072578,,
697,LFS,78,85,54,53,2021-02-20 22:20:34.072578,,
698,Zeroshell,47,61,89,62,2021-02-20 22:20:34.072578,,
699,Slax,88,67,69,72,2021-02-20 22:20:34.072578,,
700,Calculate,89,68,68,69,2021-02-20 22:20:34.072578,,
701,OpenIndiana,83,83,49,48,2021-02-20 22:20:34.072578,,
702,batocera,52,63,88,47,2021-02-20 22:20:34.072578,,
703,GeeXboX,19,33,60,69,2021-02-20 22:20:34.072578,,
704,Swift,58,83,34,36,2021-02-20 22:20:34.072578,,
705,NethServer,46,57,87,32,2021-02-20 22:20:34.072578,,
706,Parabola,66,63,64,68,2021-02-20 22:20:34.072578,,
707,Funtoo,59,63,75,67,2021-02-20 22:20:34.072578,,
708,BEE free,87,62,39,40,2021-02-20 22:20:34.072578,,
709,SUSE,75,65,69,67,2021-02-20 22:20:34.072578,,
710,RISC,59,82,41,42,2021-02-20 22:20:34.072578,,
711,Lakka,84,52,54,54,2021-02-20 22:20:34.072578,,
712,KolibriOS,63,60,63,65,2021-02-20 22:20:34.072578,,
713,Neptune,79,49,50,49,2021-02-20 22:20:34.072578,,
714,TrueNAS,55,56,63,60,2021-02-20 22:20:34.072578,,
715,Runtu,71,75,43,44,2021-02-20 22:20:34.072578,,
716,openmamba,42,54,81,35,2021-02-20 22:20:34.072578,,
717,NetBSD,75,71,57,58,2021-02-20 22:20:34.072578,,
718,OpenMediaVault,77,62,53,56,2021-02-20 22:20:34.072578,,
719,APODIO,56,68,44,44,2021-02-20 22:20:34.072578,,
720,CAELinux,68,68,42,42,2021-02-20 22:20:34.072578,,
721,OSMC,59,65,74,33,2021-02-20 22:20:34.072578,,
722,LinuxConsole,51,49,50,55,2021-02-20 22:20:34.072578,,
723,SolydXK,75,53,49,49,2021-02-20 22:20:34.072578,,
724,Scientific,43,47,51,55,2021-02-20 22:20:34.072578,,
725,Proxmox,57,65,67,44,2021-02-20 22:20:34.072578,,
726,Star,67,43,43,44,2021-02-20 22:20:34.072578,,
727,tuxtrans,36,47,69,25,2021-02-20 22:20:34.072578,,
728,Pardus,66,59,45,45,2021-02-20 22:20:34.072578,,
729,Solaris,52,49,51,52,2021-02-20 22:20:34.072578,,
730,3CX,49,49,49,51,2021-02-20 22:20:34.072578,,
731,Hyperbola,51,48,48,50,2021-02-20 22:20:34.072578,,
732,SuperGamer,62,40,40,40,2021-02-20 22:20:34.072578,,
733,Pinguy,47,46,46,49,2021-02-20 22:20:34.072578,,
734,FuguIta,51,62,49,46,2021-02-20 22:20:34.072578,,
735,Exe,60,41,43,43,2021-02-20 22:20:34.072578,,
736,EasyNAS,54,44,45,48,2021-02-20 22:20:34.072578,,
737,Springdale,37,44,58,40,2021-02-20 22:20:34.072578,,
738,Ufficio Zero,59,38,39,41,2021-02-20 22:20:34.072578,,
739,ArchStrike,46,46,46,46,2021-02-20 22:20:34.072578,,
740,RancherOS,40,44,54,41,2021-02-20 22:20:34.072578,,
741,Wifislax,45,45,45,46,2021-02-20 22:20:34.072578,,
742,Bedrock,43,43,42,45,2021-02-20 22:20:34.072578,,
743,Porteus Kiosk,56,50,30,32,2021-02-20 22:20:34.072578,,
744,OviOS,42,56,29,29,2021-02-20 22:20:34.072578,,
745,ClonOS,40,41,42,45,2021-02-20 22:20:34.072578,,
746,KANOTIX,52,42,42,43,2021-02-20 22:20:34.072578,,
747,TENS,52,42,44,44,2021-02-20 22:20:34.072578,,
748,Karoshi,51,52,41,30,2021-02-20 22:20:34.072578,,
749,Endian,40,51,35,34,2021-02-20 22:20:34.072578,,
750,BigLinux,41,41,42,43,2021-02-20 22:20:34.072578,,
751,Untangle,45,50,32,32,2021-02-20 22:20:34.072578,,
752,PakOS,11,22,45,33,2021-02-20 22:20:34.072578,,
753,Fatdog64,40,40,40,43,2021-02-20 22:20:34.072578,,
754,AcademiX,50,41,41,42,2021-02-20 22:20:34.072578,,
755,HardenedBSD,39,41,44,43,2021-02-20 22:20:34.072578,,
756,RebeccaBlackOS,50,34,34,36,2021-02-20 22:20:34.072578,,
757,SME Server,31,30,34,43,2021-02-20 22:20:34.072578,,
758,Grml,49,30,31,33,2021-02-20 22:20:34.072578,,
759,blackPanther,43,43,42,43,2021-02-20 22:20:34.072578,,
760,Rescatux,49,33,33,36,2021-02-20 22:20:34.072578,,
761,Bicom,48,29,27,29,2021-02-20 22:20:34.072578,,
762,Pearl,42,40,40,42,2021-02-20 22:20:34.072578,,
763,BSDRP,46,34,35,36,2021-02-20 22:20:34.072578,,
764,Berry,46,36,36,36,2021-02-20 22:20:34.072578,,
765,VyOS,37,37,37,41,2021-02-20 22:20:34.072578,,
766,Greenie,46,29,29,30,2021-02-20 22:20:34.072578,,
767,CAINE,42,42,41,40,2021-02-20 22:20:34.072578,,
768,TurnKey,46,28,28,28,2021-02-20 22:20:34.072578,,
769,Daphile,36,37,38,40,2021-02-20 22:20:34.072578,,
770,Dragora,38,36,37,40,2021-02-20 22:20:34.072578,,
771,Lunar,41,41,41,40,2021-02-20 22:20:34.072578,,
772,Pentoo,37,37,38,40,2021-02-20 22:20:34.072578,,
773,Vine,37,37,38,39,2021-02-20 22:20:34.072578,,
774,DietPi,42,37,38,37,2021-02-20 22:20:34.072578,,
775,Exherbo,41,39,38,38,2021-02-20 22:20:34.072578,,
776,KISS,42,37,37,38,2021-02-20 22:20:34.072578,,
777,Namib,39,37,37,38,2021-02-20 22:20:34.072578,,
778,Pisi,36,36,37,38,2021-02-20 22:20:34.072578,,
779,BOSS,36,35,35,36,2021-02-20 22:20:34.072578,,
780,Omarine,41,27,27,27,2021-02-20 22:20:34.072578,,
781,Zevenet,41,27,28,29,2021-02-20 22:20:34.072578,,
782,MLL,36,35,35,36,2021-02-20 22:20:34.072578,,
783,Photon,32,33,34,36,2021-02-20 22:20:34.072578,,
784,SuperX,37,37,36,36,2021-02-20 22:20:34.072578,,
785,NST,40,30,30,28,2021-02-20 22:20:34.072578,,
786,Plamo,40,31,31,32,2021-02-20 22:20:34.072578,,
787,Secure-K,35,35,35,35,2021-02-20 22:20:34.072578,,
788,Asianux,32,33,34,34,2021-02-20 22:20:34.072578,,
789,LuninuX,38,34,33,33,2021-02-20 22:20:34.072578,,
790,UBOS,34,34,35,33,2021-02-20 22:20:34.072578,,
791,Plop,33,33,34,34,2021-02-20 22:20:34.072578,,
792,Thinstation,31,31,33,34,2021-02-20 22:20:34.072578,,
793,Freespire,33,32,32,33,2021-02-20 22:20:34.072578,,
794,Sophos,32,32,33,33,2021-02-20 22:20:34.072578,,
795,Source Mage,32,32,33,33,2021-02-20 22:20:34.072578,,
796,Smoothwall,36,28,29,30,2021-02-20 22:20:34.072578,,
797,BlueOnyx,31,31,32,32,2021-02-20 22:20:34.072578,,
798,Recalbox,35,31,31,32,2021-02-20 22:20:34.072578,,
799,LliureX,32,32,32,32,2021-02-20 22:20:34.072578,,
800,ForLEx,30,30,31,32,2021-02-20 22:20:34.072578,,
801,FreedomBox,30,30,31,32,2021-02-20 22:20:34.072578,,
802,RDS,34,25,25,24,2021-02-20 22:20:34.072578,,
803,Elastix,30,31,31,31,2021-02-20 22:20:34.072578,,
804,Rocks Cluster,30,31,32,30,2021-02-20 22:20:34.072578,,
805,Baltix,10,18,31,30,2021-02-20 22:20:34.072578,,
806,Canaima,17,30,29,29,2021-02-20 22:20:34.072578,,
807,HamoniKR,18,28,28,31,2021-02-20 22:20:34.072578,,
808,Refracta,31,30,31,30,2021-02-20 22:20:34.072578,,
809,Hanthana,28,29,29,30,2021-02-20 22:20:34.072578,,
810,LinHES,29,29,29,30,2021-02-20 22:20:34.072578,,
811,REMnux,30,27,27,26,2021-02-20 22:20:34.072578,,
812,Super Grub2,30,29,29,30,2021-02-20 22:20:34.072578,,
813,Uruk,28,28,28,30,2021-02-20 22:20:34.072578,,
814,NexentaStor,28,28,28,29,2021-02-20 22:20:34.072578,,
815,Securepoint,27,28,27,26,2021-02-20 22:20:34.072578,,
816,YunoHost,27,28,29,29,2021-02-20 22:20:34.072578,,
817,OLPC,28,27,28,27,2021-02-20 22:20:34.072578,,
818,ToOpPy,28,28,28,28,2021-02-20 22:20:34.072578,,
819,PLD,27,27,28,28,2021-02-20 22:20:34.072578,,
820,paldo,28,27,27,27,2021-02-20 22:20:34.072578,,
821,Baruwa,26,27,27,27,2021-02-20 22:20:34.072578,,
822,FreePBX,26,27,27,27,2021-02-20 22:20:34.072578,,
823,Webconverger,26,26,26,28,2021-02-20 22:20:34.072578,,
824,RSS,26,26,26,26,2021-02-20 22:20:34.072578,,
825,SELKS,26,26,26,27,2021-02-20 22:20:34.072578,,
826,OB2D,25,24,24,26,2021-02-20 22:20:34.072578,,
827,OSGeoLive,25,25,25,26,2021-02-20 22:20:34.072578,,
828,DRBL,24,24,24,25,2021-02-20 22:20:34.072578,,
829,Omoikane,24,24,24,24,2021-02-20 22:20:34.072578,,
830,Alma,0,0,0,1,2021-02-20 22:20:34.072578,,
831,MX Linux,3713,3422,3444,3561,2021-02-20 21:50:09.726371,0.0,
832,Manjaro,2611,2419,2507,2475,2021-02-20 21:50:09.726371,1.0,
833,Mint,2342,2120,2341,2165,2021-02-20 21:50:09.726371,2.0,
834,Pop!_OS,1664,2097,2133,2038,2021-02-20 21:50:09.726371,3.0,
835,Ubuntu,1567,1382,1357,1508,2021-02-20 21:50:09.726371,4.0,
836,EndeavourOS,925,1188,1444,1742,2021-02-20 21:50:09.726371,5.0,
837,Debian,1375,1275,1352,1391,2021-02-20 21:50:09.726371,6.0,
838,elementary,1277,1148,1189,1258,2021-02-20 21:50:09.726371,7.0,
839,Fedora,1017,984,922,963,2021-02-20 21:50:09.726371,8.0,
840,Solus,978,810,830,1036,2021-02-20 21:50:09.726371,9.0,
841,openSUSE,775,769,845,808,2021-02-20 21:50:09.726371,10.0,
842,KDE neon,862,770,743,746,2021-02-20 21:50:09.726371,11.0,
843,Zorin,836,680,599,612,2021-02-20 21:50:09.726371,12.0,
844,PCLinuxOS,539,488,509,752,2021-02-20 21:50:09.726371,13.0,
845,deepin,782,685,635,544,2021-02-20 21:50:09.726371,14.0,
846,Ubuntu Kylin,737,693,646,384,2021-02-20 21:50:09.726371,15.0,
847,Garuda,291,580,649,712,2021-02-20 21:50:09.726371,16.0,
848,Arch,681,630,624,635,2021-02-20 21:50:09.726371,17.0,
849,Linuxfx,525,633,583,581,2021-02-20 21:50:09.726371,18.0,
850,antiX,643,562,541,525,2021-02-20 21:50:09.726371,19.0,
851,Puppy,535,574,602,563,2021-02-20 21:50:09.726371,20.0,
852,Mageia,392,431,530,596,2021-02-20 21:50:09.726371,21.0,
853,CentOS,575,513,500,440,2021-02-20 21:50:09.726371,22.0,
854,ArcoLinux,530,472,458,414,2021-02-20 21:50:09.726371,23.0,
855,Slackware,345,344,389,503,2021-02-20 21:50:09.726371,24.0,
856,Kali,495,461,450,449,2021-02-20 21:50:09.726371,25.0,
857,Q4OS,375,409,502,440,2021-02-20 21:50:09.726371,26.0,
858,FreeBSD,415,431,394,489,2021-02-20 21:50:09.726371,27.0,
859,Lite,437,406,345,344,2021-02-20 21:50:09.726371,28.0,
860,Alpine,310,327,414,483,2021-02-20 21:50:09.726371,29.0,
861,SparkyLinux,398,355,320,355,2021-02-20 21:50:09.726371,30.0,
862,Devuan,312,277,311,442,2021-02-20 21:50:09.726371,31.0,
863,Lubuntu,385,343,330,354,2021-02-20 21:50:09.726371,32.0,
864,EasyOS,380,359,384,210,2021-02-20 21:50:09.726371,33.0,
865,Peppermint,375,333,326,329,2021-02-20 21:50:09.726371,34.0,
866,Tails,355,338,338,396,2021-02-20 21:50:09.726371,35.0,
867,Xubuntu,333,304,297,364,2021-02-20 21:50:09.726371,36.0,
868,Kubuntu,325,298,295,343,2021-02-20 21:50:09.726371,37.0,
869,GhostBSD,263,255,324,326,2021-02-20 21:50:09.726371,38.0,
870,Bluestar,276,293,315,351,2021-02-20 21:50:09.726371,39.0,
871,Parrot,299,264,251,257,2021-02-20 21:50:09.726371,40.0,
872,Endless,296,267,232,290,2021-02-20 21:50:09.726371,41.0,
873,Android-x86,295,236,246,313,2021-02-20 21:50:09.726371,42.0,
874,OpenMandriva,177,176,244,320,2021-02-20 21:50:09.726371,43.0,
875,Void,281,266,282,295,2021-02-20 21:50:09.726371,44.0,
876,ReactOS,287,220,208,208,2021-02-20 21:50:09.726371,45.0,
877,Gecko,192,217,277,164,2021-02-20 21:50:09.726371,46.0,
878,Mabox,29,57,116,305,2021-02-20 21:50:09.726371,47.0,
879,Ubuntu MATE,279,256,256,275,2021-02-20 21:50:09.726371,48.0,
880,KaOS,247,250,269,211,2021-02-20 21:50:09.726371,49.0,
881,NomadBSD,180,143,173,305,2021-02-20 21:50:09.726371,50.0,
882,RebornOS,112,200,263,196,2021-02-20 21:50:09.726371,51.0,
883,Ultimate,211,216,234,305,2021-02-20 21:50:09.726371,52.0,
884,Gentoo,252,242,249,252,2021-02-20 21:50:09.726371,53.0,
885,Archman,258,203,187,136,2021-02-20 21:50:09.726371,54.0,
886,NixOS,227,239,195,197,2021-02-20 21:50:09.726371,55.0,
887,Septor,176,209,250,245,2021-02-20 21:50:09.726371,56.0,
888,Qubes,166,190,215,290,2021-02-20 21:50:09.726371,57.0,
889,Tiny Core,182,173,200,290,2021-02-20 21:50:09.726371,58.0,
890,PureOS,242,231,242,243,2021-02-20 21:50:09.726371,59.0,
891,AV Linux,188,180,247,145,2021-02-20 21:50:09.726371,60.0,
892,Redcore,99,107,165,280,2021-02-20 21:50:09.726371,61.0,
893,4MLinux,227,229,232,180,2021-02-20 21:50:09.726371,62.0,
894,Bodhi,237,190,190,193,2021-02-20 21:50:09.726371,63.0,
895,Artix,220,224,230,238,2021-02-20 21:50:09.726371,64.0,
896,Finnix,91,83,115,271,2021-02-20 21:50:09.726371,65.0,
897,Ubuntu DP,138,218,157,167,2021-02-20 21:50:09.726371,66.0,
898,RasPiOS,172,207,242,171,2021-02-20 21:50:09.726371,67.0,
899,Feren,208,214,200,183,2021-02-20 21:50:09.726371,68.0,
900,Red Hat,205,186,186,198,2021-02-20 21:50:09.726371,69.0,
901,Diamond,18,37,75,229,2021-02-20 21:50:09.726371,70.0,
902,Voyager,203,200,145,151,2021-02-20 21:50:09.726371,71.0,
903,siduction,43,48,84,223,2021-02-20 21:50:09.726371,72.0,
904,Kodachi,198,192,160,167,2021-02-20 21:50:09.726371,73.0,
905,Ubuntu Studio,177,165,161,216,2021-02-20 21:50:09.726371,74.0,
906,ClearOS,194,177,180,171,2021-02-20 21:50:09.726371,75.0,
907,KNOPPIX,192,185,191,209,2021-02-20 21:50:09.726371,76.0,
908,Enso,116,195,110,113,2021-02-20 21:50:09.726371,77.0,
909,BunsenLabs,190,167,160,159,2021-02-20 21:50:09.726371,78.0,
910,Absolute,187,192,144,148,2021-02-20 21:50:09.726371,79.0,
911,Emmabuntüs,190,176,179,133,2021-02-20 21:50:09.726371,80.0,
912,Nitrux,189,188,169,129,2021-02-20 21:50:09.726371,81.0,
913,ArchBang,166,190,152,129,2021-02-20 21:50:09.726371,82.0,
914,OPNsense,61,63,89,196,2021-02-20 21:50:09.726371,83.0,
915,Ubuntu Budgie,188,160,145,189,2021-02-20 21:50:09.726371,84.0,
916,BlackArch,159,155,184,132,2021-02-20 21:50:09.726371,85.0,
917,Haiku,182,154,152,148,2021-02-20 21:50:09.726371,86.0,
918,Elive,169,169,180,129,2021-02-20 21:50:09.726371,87.0,
919,GParted,99,118,146,191,2021-02-20 21:50:09.726371,88.0,
920,Zentyal,58,59,85,191,2021-02-20 21:50:09.726371,89.0,
921,LXLE,181,171,171,177,2021-02-20 21:50:09.726371,90.0,
922,ALT,180,150,151,149,2021-02-20 21:50:09.726371,91.0,
923,Trisquel,163,180,149,138,2021-02-20 21:50:09.726371,92.0,
924,XigmaNAS,51,62,88,189,2021-02-20 21:50:09.726371,93.0,
925,ExTiX,151,152,170,103,2021-02-20 21:50:09.726371,94.0,
926,CRUX,82,118,161,65,2021-02-20 21:50:09.726371,95.0,
927,OpenBSD,172,163,148,156,2021-02-20 21:50:09.726371,96.0,
928,Netrunner,171,134,144,148,2021-02-20 21:50:09.726371,97.0,
929,Oracle,139,156,160,138,2021-02-20 21:50:09.726371,98.0,
930,DragonFly,165,145,134,142,2021-02-20 21:50:09.726371,99.0,
931,MakuluLinux,165,134,111,121,2021-02-20 21:50:09.726371,100.0,
932,ROSA,142,136,150,135,2021-02-20 21:50:09.726371,101.0,
933,Clear,157,134,142,139,2021-02-20 21:50:09.726371,102.0,
934,Redo,118,150,95,94,2021-02-20 21:50:09.726371,103.0,
935,SmartOS,138,135,132,148,2021-02-20 21:50:09.726371,104.0,
936,Robolinux,151,95,85,52,2021-02-20 21:50:09.726371,105.0,
937,Sabayon,146,139,144,137,2021-02-20 21:50:09.726371,106.0,
938,Clonezilla,98,82,86,144,2021-02-20 21:50:09.726371,107.0,
939,SteamOS,145,138,144,141,2021-02-20 21:50:09.726371,108.0,
940,Volumio,144,135,144,105,2021-02-20 21:50:09.726371,109.0,
941,MidnightBSD,93,138,106,121,2021-02-20 21:50:09.726371,110.0,
942,EuroLinux,64,90,144,43,2021-02-20 21:50:09.726371,111.0,
943,Simplicity,141,76,47,38,2021-02-20 21:50:09.726371,112.0,
944,Parted Magic,90,136,125,115,2021-02-20 21:50:09.726371,113.0,
945,ArchLabs,138,124,100,79,2021-02-20 21:50:09.726371,114.0,
946,Kwort,60,92,138,54,2021-02-20 21:50:09.726371,115.0,
947,Obarun,129,90,82,48,2021-02-20 21:50:09.726371,116.0,
948,Guix System,86,93,137,56,2021-02-20 21:50:09.726371,117.0,
949,NuTyX,114,130,125,104,2021-02-20 21:50:09.726371,118.0,
950,UBports,107,121,101,47,2021-02-20 21:50:09.726371,119.0,
951,SystemRescue,111,104,83,58,2021-02-20 21:50:09.726371,120.0,
952,Snal,50,101,120,40,2021-02-20 21:50:09.726371,121.0,
953,PrimTux,54,79,73,128,2021-02-20 21:50:09.726371,122.0,
954,Slackel,91,80,119,52,2021-02-20 21:50:09.726371,123.0,
955,GoboLinux,106,59,40,43,2021-02-20 21:50:09.726371,124.0,
956,CloudReady,88,108,100,116,2021-02-20 21:50:09.726371,125.0,
957,Zenwalk,100,89,118,60,2021-02-20 21:50:09.726371,126.0,
958,Trident,102,63,45,46,2021-02-20 21:50:09.726371,127.0,
959,T2,54,74,117,38,2021-02-20 21:50:09.726371,128.0,
960,Arya,101,53,43,43,2021-02-20 21:50:09.726371,129.0,
961,Porteus,101,86,86,82,2021-02-20 21:50:09.726371,130.0,
962,pfSense,66,55,65,114,2021-02-20 21:50:09.726371,131.0,
963,Rescuezilla,76,97,103,45,2021-02-20 21:50:09.726371,132.0,
964,Debian Edu,75,80,86,105,2021-02-20 21:50:09.726371,133.0,
965,IPFire,96,92,72,56,2021-02-20 21:50:09.726371,134.0,
966,Anarchy,96,72,71,72,2021-02-20 21:50:09.726371,135.0,
967,Live Raizo,72,86,80,96,2021-02-20 21:50:09.726371,136.0,
968,Whonix,96,90,64,65,2021-02-20 21:50:09.726371,137.0,
969,Univention,78,83,100,30,2021-02-20 21:50:09.726371,138.0,
970,LibreELEC,92,54,45,43,2021-02-20 21:50:09.726371,139.0,
971,SliTaz,81,78,79,80,2021-02-20 21:50:09.726371,140.0,
972,Linspire,50,62,89,44,2021-02-20 21:50:09.726371,141.0,
973,BackBox,90,64,63,63,2021-02-20 21:50:09.726371,142.0,
974,LFS,78,85,54,53,2021-02-20 21:50:09.726371,143.0,
975,Zeroshell,47,61,89,62,2021-02-20 21:50:09.726371,144.0,
976,Slax,88,67,69,72,2021-02-20 21:50:09.726371,145.0,
977,Calculate,89,68,68,69,2021-02-20 21:50:09.726371,146.0,
978,OpenIndiana,83,83,49,48,2021-02-20 21:50:09.726371,147.0,
979,batocera,52,63,88,47,2021-02-20 21:50:09.726371,148.0,
980,GeeXboX,19,33,60,69,2021-02-20 21:50:09.726371,149.0,
981,Swift,58,83,34,36,2021-02-20 21:50:09.726371,150.0,
982,NethServer,46,57,87,32,2021-02-20 21:50:09.726371,151.0,
983,Parabola,66,63,64,68,2021-02-20 21:50:09.726371,152.0,
984,Funtoo,59,63,75,67,2021-02-20 21:50:09.726371,153.0,
985,BEE free,87,62,39,40,2021-02-20 21:50:09.726371,154.0,
986,SUSE,75,65,69,67,2021-02-20 21:50:09.726371,155.0,
987,RISC,59,82,41,42,2021-02-20 21:50:09.726371,156.0,
988,Lakka,84,52,54,54,2021-02-20 21:50:09.726371,157.0,
989,KolibriOS,63,60,63,65,2021-02-20 21:50:09.726371,158.0,
990,Neptune,79,49,50,49,2021-02-20 21:50:09.726371,159.0,
991,TrueNAS,55,56,63,60,2021-02-20 21:50:09.726371,160.0,
992,Runtu,71,75,43,44,2021-02-20 21:50:09.726371,161.0,
993,openmamba,42,54,81,35,2021-02-20 21:50:09.726371,162.0,
994,NetBSD,75,71,57,58,2021-02-20 21:50:09.726371,163.0,
995,OpenMediaVault,77,62,53,56,2021-02-20 21:50:09.726371,164.0,
996,APODIO,56,68,44,44,2021-02-20 21:50:09.726371,165.0,
997,CAELinux,68,68,42,42,2021-02-20 21:50:09.726371,166.0,
998,OSMC,59,65,74,33,2021-02-20 21:50:09.726371,167.0,
999,LinuxConsole,51,49,50,55,2021-02-20 21:50:09.726371,168.0,
1000,SolydXK,75,53,49,49,2021-02-20 21:50:09.726371,169.0,
1001,Scientific,43,47,51,55,2021-02-20 21:50:09.726371,170.0,
1002,Proxmox,57,65,67,44,2021-02-20 21:50:09.726371,171.0,
1003,Star,67,43,43,44,2021-02-20 21:50:09.726371,172.0,
1004,tuxtrans,36,47,69,25,2021-02-20 21:50:09.726371,173.0,
1005,Pardus,66,59,45,45,2021-02-20 21:50:09.726371,174.0,
1006,Solaris,52,49,51,52,2021-02-20 21:50:09.726371,175.0,
1007,3CX,49,49,49,51,2021-02-20 21:50:09.726371,176.0,
1008,Hyperbola,51,48,48,50,2021-02-20 21:50:09.726371,177.0,
1009,SuperGamer,62,40,40,40,2021-02-20 21:50:09.726371,178.0,
1010,Pinguy,47,46,46,49,2021-02-20 21:50:09.726371,179.0,
1011,FuguIta,51,62,49,46,2021-02-20 21:50:09.726371,180.0,
1012,Exe,60,41,43,43,2021-02-20 21:50:09.726371,181.0,
1013,EasyNAS,54,44,45,48,2021-02-20 21:50:09.726371,182.0,
1014,Springdale,37,44,58,40,2021-02-20 21:50:09.726371,183.0,
1015,Ufficio Zero,59,38,39,41,2021-02-20 21:50:09.726371,184.0,
1016,ArchStrike,46,46,46,46,2021-02-20 21:50:09.726371,185.0,
1017,RancherOS,40,44,54,41,2021-02-20 21:50:09.726371,186.0,
1018,Wifislax,45,45,45,46,2021-02-20 21:50:09.726371,187.0,
1019,Bedrock,43,43,42,45,2021-02-20 21:50:09.726371,188.0,
1020,Porteus Kiosk,56,50,30,32,2021-02-20 21:50:09.726371,189.0,
1021,OviOS,42,56,29,29,2021-02-20 21:50:09.726371,190.0,
1022,ClonOS,40,41,42,45,2021-02-20 21:50:09.726371,191.0,
1023,KANOTIX,52,42,42,43,2021-02-20 21:50:09.726371,192.0,
1024,TENS,52,42,44,44,2021-02-20 21:50:09.726371,193.0,
1025,Karoshi,51,52,41,30,2021-02-20 21:50:09.726371,194.0,
1026,Endian,40,51,35,34,2021-02-20 21:50:09.726371,195.0,
1027,BigLinux,41,41,42,43,2021-02-20 21:50:09.726371,196.0,
1028,Untangle,45,50,32,32,2021-02-20 21:50:09.726371,197.0,
1029,PakOS,11,22,45,33,2021-02-20 21:50:09.726371,198.0,
1030,Fatdog64,40,40,40,43,2021-02-20 21:50:09.726371,199.0,
1031,AcademiX,50,41,41,42,2021-02-20 21:50:09.726371,200.0,
1032,HardenedBSD,39,41,44,43,2021-02-20 21:50:09.726371,201.0,
1033,RebeccaBlackOS,50,34,34,36,2021-02-20 21:50:09.726371,202.0,
1034,SME Server,31,30,34,43,2021-02-20 21:50:09.726371,203.0,
1035,Grml,49,30,31,33,2021-02-20 21:50:09.726371,204.0,
1036,blackPanther,43,43,42,43,2021-02-20 21:50:09.726371,205.0,
1037,Rescatux,49,33,33,36,2021-02-20 21:50:09.726371,206.0,
1038,Bicom,48,29,27,29,2021-02-20 21:50:09.726371,207.0,
1039,Pearl,42,40,40,42,2021-02-20 21:50:09.726371,208.0,
1040,BSDRP,46,34,35,36,2021-02-20 21:50:09.726371,209.0,
1041,Berry,46,36,36,36,2021-02-20 21:50:09.726371,210.0,
1042,VyOS,37,37,37,41,2021-02-20 21:50:09.726371,211.0,
1043,Greenie,46,29,29,30,2021-02-20 21:50:09.726371,212.0,
1044,CAINE,42,42,41,40,2021-02-20 21:50:09.726371,213.0,
1045,TurnKey,46,28,28,28,2021-02-20 21:50:09.726371,214.0,
1046,Daphile,36,37,38,40,2021-02-20 21:50:09.726371,215.0,
1047,Dragora,38,36,37,40,2021-02-20 21:50:09.726371,216.0,
1048,Lunar,41,41,41,40,2021-02-20 21:50:09.726371,217.0,
1049,Pentoo,37,37,38,40,2021-02-20 21:50:09.726371,218.0,
1050,Vine,37,37,38,39,2021-02-20 21:50:09.726371,219.0,
1051,DietPi,42,37,38,37,2021-02-20 21:50:09.726371,220.0,
1052,Exherbo,41,39,38,38,2021-02-20 21:50:09.726371,221.0,
1053,KISS,42,37,37,38,2021-02-20 21:50:09.726371,222.0,
1054,Namib,39,37,37,38,2021-02-20 21:50:09.726371,223.0,
1055,Pisi,36,36,37,38,2021-02-20 21:50:09.726371,224.0,
1056,BOSS,36,35,35,36,2021-02-20 21:50:09.726371,225.0,
1057,Omarine,41,27,27,27,2021-02-20 21:50:09.726371,226.0,
1058,Zevenet,41,27,28,29,2021-02-20 21:50:09.726371,227.0,
1059,MLL,36,35,35,36,2021-02-20 21:50:09.726371,228.0,
1060,Photon,32,33,34,36,2021-02-20 21:50:09.726371,229.0,
1061,SuperX,37,37,36,36,2021-02-20 21:50:09.726371,230.0,
1062,NST,40,30,30,28,2021-02-20 21:50:09.726371,231.0,
1063,Plamo,40,31,31,32,2021-02-20 21:50:09.726371,232.0,
1064,Secure-K,35,35,35,35,2021-02-20 21:50:09.726371,233.0,
1065,Asianux,32,33,34,34,2021-02-20 21:50:09.726371,234.0,
1066,LuninuX,38,34,33,33,2021-02-20 21:50:09.726371,235.0,
1067,UBOS,34,34,35,33,2021-02-20 21:50:09.726371,236.0,
1068,Plop,33,33,34,34,2021-02-20 21:50:09.726371,237.0,
1069,Thinstation,31,31,33,34,2021-02-20 21:50:09.726371,238.0,
1070,Freespire,33,32,32,33,2021-02-20 21:50:09.726371,239.0,
1071,Sophos,32,32,33,33,2021-02-20 21:50:09.726371,240.0,
1072,Source Mage,32,32,33,33,2021-02-20 21:50:09.726371,241.0,
1073,Smoothwall,36,28,29,30,2021-02-20 21:50:09.726371,242.0,
1074,BlueOnyx,31,31,32,32,2021-02-20 21:50:09.726371,243.0,
1075,Recalbox,35,31,31,32,2021-02-20 21:50:09.726371,244.0,
1076,LliureX,32,32,32,32,2021-02-20 21:50:09.726371,245.0,
1077,ForLEx,30,30,31,32,2021-02-20 21:50:09.726371,246.0,
1078,FreedomBox,30,30,31,32,2021-02-20 21:50:09.726371,247.0,
1079,RDS,34,25,25,24,2021-02-20 21:50:09.726371,248.0,
1080,Elastix,30,31,31,31,2021-02-20 21:50:09.726371,249.0,
1081,Rocks Cluster,30,31,32,30,2021-02-20 21:50:09.726371,250.0,
1082,Baltix,10,18,31,30,2021-02-20 21:50:09.726371,251.0,
1083,Canaima,17,30,29,29,2021-02-20 21:50:09.726371,252.0,
1084,HamoniKR,18,28,28,31,2021-02-20 21:50:09.726371,253.0,
1085,Refracta,31,30,31,30,2021-02-20 21:50:09.726371,254.0,
1086,Hanthana,28,29,29,30,2021-02-20 21:50:09.726371,255.0,
1087,LinHES,29,29,29,30,2021-02-20 21:50:09.726371,256.0,
1088,REMnux,30,27,27,26,2021-02-20 21:50:09.726371,257.0,
1089,Super Grub2,30,29,29,30,2021-02-20 21:50:09.726371,258.0,
1090,Uruk,28,28,28,30,2021-02-20 21:50:09.726371,259.0,
1091,NexentaStor,28,28,28,29,2021-02-20 21:50:09.726371,260.0,
1092,Securepoint,27,28,27,26,2021-02-20 21:50:09.726371,261.0,
1093,YunoHost,27,28,29,29,2021-02-20 21:50:09.726371,262.0,
1094,OLPC,28,27,28,27,2021-02-20 21:50:09.726371,263.0,
1095,ToOpPy,28,28,28,28,2021-02-20 21:50:09.726371,264.0,
1096,PLD,27,27,28,28,2021-02-20 21:50:09.726371,265.0,
1097,paldo,28,27,27,27,2021-02-20 21:50:09.726371,266.0,
1098,Baruwa,26,27,27,27,2021-02-20 21:50:09.726371,267.0,
1099,FreePBX,26,27,27,27,2021-02-20 21:50:09.726371,268.0,
1100,Webconverger,26,26,26,28,2021-02-20 21:50:09.726371,269.0,
1101,RSS,26,26,26,26,2021-02-20 21:50:09.726371,270.0,
1102,SELKS,26,26,26,27,2021-02-20 21:50:09.726371,271.0,
1103,OB2D,25,24,24,26,2021-02-20 21:50:09.726371,272.0,
1104,OSGeoLive,25,25,25,26,2021-02-20 21:50:09.726371,273.0,
1105,DRBL,24,24,24,25,2021-02-20 21:50:09.726371,274.0,
1106,Omoikane,24,24,24,24,2021-02-20 21:50:09.726371,275.0,
1107,Alma,0,0,0,1,2021-02-20 21:50:09.726371,276.0,
1108,MX Linux,3713,3422,3444,3561,2021-02-20 21:42:49.816900,0.0,0.0
1109,Manjaro,2611,2419,2507,2475,2021-02-20 21:42:49.816900,1.0,1.0
1110,Mint,2342,2120,2341,2165,2021-02-20 21:42:49.816900,2.0,2.0
1111,Pop!_OS,1664,2097,2133,2038,2021-02-20 21:42:49.816900,3.0,3.0
1112,Ubuntu,1567,1382,1357,1508,2021-02-20 21:42:49.816900,4.0,4.0
1113,EndeavourOS,925,1188,1444,1742,2021-02-20 21:42:49.816900,5.0,5.0
1114,Debian,1375,1275,1352,1391,2021-02-20 21:42:49.816900,6.0,6.0
1115,elementary,1277,1148,1189,1258,2021-02-20 21:42:49.816900,7.0,7.0
1116,Fedora,1017,984,922,963,2021-02-20 21:42:49.816900,8.0,8.0
1117,Solus,978,810,830,1036,2021-02-20 21:42:49.816900,9.0,9.0
1118,openSUSE,775,769,845,808,2021-02-20 21:42:49.816900,10.0,10.0
1119,KDE neon,862,770,743,746,2021-02-20 21:42:49.816900,11.0,11.0
1120,Zorin,836,680,599,612,2021-02-20 21:42:49.816900,12.0,12.0
1121,PCLinuxOS,539,488,509,752,2021-02-20 21:42:49.816900,13.0,13.0
1122,deepin,782,685,635,544,2021-02-20 21:42:49.816900,14.0,14.0
1123,Ubuntu Kylin,737,693,646,384,2021-02-20 21:42:49.816900,15.0,15.0
1124,Garuda,291,580,649,712,2021-02-20 21:42:49.816900,16.0,16.0
1125,Arch,681,630,624,635,2021-02-20 21:42:49.816900,17.0,17.0
1126,Linuxfx,525,633,583,581,2021-02-20 21:42:49.816900,18.0,18.0
1127,antiX,643,562,541,525,2021-02-20 21:42:49.816900,19.0,19.0
1128,Puppy,535,574,602,563,2021-02-20 21:42:49.816900,20.0,20.0
1129,Mageia,392,431,530,596,2021-02-20 21:42:49.816900,21.0,21.0
1130,CentOS,575,513,500,440,2021-02-20 21:42:49.816900,22.0,22.0
1131,ArcoLinux,530,472,458,414,2021-02-20 21:42:49.816900,23.0,23.0
1132,Slackware,345,344,389,503,2021-02-20 21:42:49.816900,24.0,24.0
1133,Kali,495,461,450,449,2021-02-20 21:42:49.816900,25.0,25.0
1134,Q4OS,375,409,502,440,2021-02-20 21:42:49.816900,26.0,26.0
1135,FreeBSD,415,431,394,489,2021-02-20 21:42:49.816900,27.0,27.0
1136,Lite,437,406,345,344,2021-02-20 21:42:49.816900,28.0,28.0
1137,Alpine,310,327,414,483,2021-02-20 21:42:49.816900,29.0,29.0
1138,SparkyLinux,398,355,320,355,2021-02-20 21:42:49.816900,30.0,30.0
1139,Devuan,312,277,311,442,2021-02-20 21:42:49.816900,31.0,31.0
1140,Lubuntu,385,343,330,354,2021-02-20 21:42:49.816900,32.0,32.0
1141,EasyOS,380,359,384,210,2021-02-20 21:42:49.816900,33.0,33.0
1142,Peppermint,375,333,326,329,2021-02-20 21:42:49.816900,34.0,34.0
1143,Tails,355,338,338,396,2021-02-20 21:42:49.816900,35.0,35.0
1144,Xubuntu,333,304,297,364,2021-02-20 21:42:49.816900,36.0,36.0
1145,Kubuntu,325,298,295,343,2021-02-20 21:42:49.816900,37.0,37.0
1146,GhostBSD,263,255,324,326,2021-02-20 21:42:49.816900,38.0,38.0
1147,Bluestar,276,293,315,351,2021-02-20 21:42:49.816900,39.0,39.0
1148,Parrot,299,264,251,257,2021-02-20 21:42:49.816900,40.0,40.0
1149,Endless,296,267,232,290,2021-02-20 21:42:49.816900,41.0,41.0
1150,Android-x86,295,236,246,313,2021-02-20 21:42:49.816900,42.0,42.0
1151,OpenMandriva,177,176,244,320,2021-02-20 21:42:49.816900,43.0,43.0
1152,Void,281,266,282,295,2021-02-20 21:42:49.816900,44.0,44.0
1153,ReactOS,287,220,208,208,2021-02-20 21:42:49.816900,45.0,45.0
1154,Gecko,192,217,277,164,2021-02-20 21:42:49.816900,46.0,46.0
1155,Mabox,29,57,116,305,2021-02-20 21:42:49.816900,47.0,47.0
1156,Ubuntu MATE,279,256,256,275,2021-02-20 21:42:49.816900,48.0,48.0
1157,KaOS,247,250,269,211,2021-02-20 21:42:49.816900,49.0,49.0
1158,NomadBSD,180,143,173,305,2021-02-20 21:42:49.816900,50.0,50.0
1159,RebornOS,112,200,263,196,2021-02-20 21:42:49.816900,51.0,51.0
1160,Ultimate,211,216,234,305,2021-02-20 21:42:49.816900,52.0,52.0
1161,Gentoo,252,242,249,252,2021-02-20 21:42:49.816900,53.0,53.0
1162,Archman,258,203,187,136,2021-02-20 21:42:49.816900,54.0,54.0
1163,NixOS,227,239,195,197,2021-02-20 21:42:49.816900,55.0,55.0
1164,Septor,176,209,250,245,2021-02-20 21:42:49.816900,56.0,56.0
1165,Qubes,166,190,215,290,2021-02-20 21:42:49.816900,57.0,57.0
1166,Tiny Core,182,173,200,290,2021-02-20 21:42:49.816900,58.0,58.0
1167,PureOS,242,231,242,243,2021-02-20 21:42:49.816900,59.0,59.0
1168,AV Linux,188,180,247,145,2021-02-20 21:42:49.816900,60.0,60.0
1169,Redcore,99,107,165,280,2021-02-20 21:42:49.816900,61.0,61.0
1170,4MLinux,227,229,232,180,2021-02-20 21:42:49.816900,62.0,62.0
1171,Bodhi,237,190,190,193,2021-02-20 21:42:49.816900,63.0,63.0
1172,Artix,220,224,230,238,2021-02-20 21:42:49.816900,64.0,64.0
1173,Finnix,91,83,115,271,2021-02-20 21:42:49.816900,65.0,65.0
1174,Ubuntu DP,138,218,157,167,2021-02-20 21:42:49.816900,66.0,66.0
1175,RasPiOS,172,207,242,171,2021-02-20 21:42:49.816900,67.0,67.0
1176,Feren,208,214,200,183,2021-02-20 21:42:49.816900,68.0,68.0
1177,Red Hat,205,186,186,198,2021-02-20 21:42:49.816900,69.0,69.0
1178,Diamond,18,37,75,229,2021-02-20 21:42:49.816900,70.0,70.0
1179,Voyager,203,200,145,151,2021-02-20 21:42:49.816900,71.0,71.0
1180,siduction,43,48,84,223,2021-02-20 21:42:49.816900,72.0,72.0
1181,Kodachi,198,192,160,167,2021-02-20 21:42:49.816900,73.0,73.0
1182,Ubuntu Studio,177,165,161,216,2021-02-20 21:42:49.816900,74.0,74.0
1183,ClearOS,194,177,180,171,2021-02-20 21:42:49.816900,75.0,75.0
1184,KNOPPIX,192,185,191,209,2021-02-20 21:42:49.816900,76.0,76.0
1185,Enso,116,195,110,113,2021-02-20 21:42:49.816900,77.0,77.0
1186,BunsenLabs,190,167,160,159,2021-02-20 21:42:49.816900,78.0,78.0
1187,Absolute,187,192,144,148,2021-02-20 21:42:49.816900,79.0,79.0
1188,Emmabuntüs,190,176,179,133,2021-02-20 21:42:49.816900,80.0,80.0
1189,Nitrux,189,188,169,129,2021-02-20 21:42:49.816900,81.0,81.0
1190,ArchBang,166,190,152,129,2021-02-20 21:42:49.816900,82.0,82.0
1191,OPNsense,61,63,89,196,2021-02-20 21:42:49.816900,83.0,83.0
1192,Ubuntu Budgie,188,160,145,189,2021-02-20 21:42:49.816900,84.0,84.0
1193,BlackArch,159,155,184,132,2021-02-20 21:42:49.816900,85.0,85.0
1194,Haiku,182,154,152,148,2021-02-20 21:42:49.816900,86.0,86.0
1195,Elive,169,169,180,129,2021-02-20 21:42:49.816900,87.0,87.0
1196,GParted,99,118,146,191,2021-02-20 21:42:49.816900,88.0,88.0
1197,Zentyal,58,59,85,191,2021-02-20 21:42:49.816900,89.0,89.0
1198,LXLE,181,171,171,177,2021-02-20 21:42:49.816900,90.0,90.0
1199,ALT,180,150,151,149,2021-02-20 21:42:49.816900,91.0,91.0
1200,Trisquel,163,180,149,138,2021-02-20 21:42:49.816900,92.0,92.0
1201,XigmaNAS,51,62,88,189,2021-02-20 21:42:49.816900,93.0,93.0
1202,ExTiX,151,152,170,103,2021-02-20 21:42:49.816900,94.0,94.0
1203,CRUX,82,118,161,65,2021-02-20 21:42:49.816900,95.0,95.0
1204,OpenBSD,172,163,148,156,2021-02-20 21:42:49.816900,96.0,96.0
1205,Netrunner,171,134,144,148,2021-02-20 21:42:49.816900,97.0,97.0
1206,Oracle,139,156,160,138,2021-02-20 21:42:49.816900,98.0,98.0
1207,DragonFly,165,145,134,142,2021-02-20 21:42:49.816900,99.0,99.0
1208,MakuluLinux,165,134,111,121,2021-02-20 21:42:49.816900,100.0,100.0
1209,ROSA,142,136,150,135,2021-02-20 21:42:49.816900,101.0,101.0
1210,Clear,157,134,142,139,2021-02-20 21:42:49.816900,102.0,102.0
1211,Redo,118,150,95,94,2021-02-20 21:42:49.816900,103.0,103.0
1212,SmartOS,138,135,132,148,2021-02-20 21:42:49.816900,104.0,104.0
1213,Robolinux,151,95,85,52,2021-02-20 21:42:49.816900,105.0,105.0
1214,Sabayon,146,139,144,137,2021-02-20 21:42:49.816900,106.0,106.0
1215,Clonezilla,98,82,86,144,2021-02-20 21:42:49.816900,107.0,107.0
1216,SteamOS,145,138,144,141,2021-02-20 21:42:49.816900,108.0,108.0
1217,Volumio,144,135,144,105,2021-02-20 21:42:49.816900,109.0,109.0
1218,MidnightBSD,93,138,106,121,2021-02-20 21:42:49.816900,110.0,110.0
1219,EuroLinux,64,90,144,43,2021-02-20 21:42:49.816900,111.0,111.0
1220,Simplicity,141,76,47,38,2021-02-20 21:42:49.816900,112.0,112.0
1221,Parted Magic,90,136,125,115,2021-02-20 21:42:49.816900,113.0,113.0
1222,ArchLabs,138,124,100,79,2021-02-20 21:42:49.816900,114.0,114.0
1223,Kwort,60,92,138,54,2021-02-20 21:42:49.816900,115.0,115.0
1224,Obarun,129,90,82,48,2021-02-20 21:42:49.816900,116.0,116.0
1225,Guix System,86,93,137,56,2021-02-20 21:42:49.816900,117.0,117.0
1226,NuTyX,114,130,125,104,2021-02-20 21:42:49.816900,118.0,118.0
1227,UBports,107,121,101,47,2021-02-20 21:42:49.816900,119.0,119.0
1228,SystemRescue,111,104,83,58,2021-02-20 21:42:49.816900,120.0,120.0
1229,Snal,50,101,120,40,2021-02-20 21:42:49.816900,121.0,121.0
1230,PrimTux,54,79,73,128,2021-02-20 21:42:49.816900,122.0,122.0
1231,Slackel,91,80,119,52,2021-02-20 21:42:49.816900,123.0,123.0
1232,GoboLinux,106,59,40,43,2021-02-20 21:42:49.816900,124.0,124.0
1233,CloudReady,88,108,100,116,2021-02-20 21:42:49.816900,125.0,125.0
1234,Zenwalk,100,89,118,60,2021-02-20 21:42:49.816900,126.0,126.0
1235,Trident,102,63,45,46,2021-02-20 21:42:49.816900,127.0,127.0
1236,T2,54,74,117,38,2021-02-20 21:42:49.816900,128.0,128.0
1237,Arya,101,53,43,43,2021-02-20 21:42:49.816900,129.0,129.0
1238,Porteus,101,86,86,82,2021-02-20 21:42:49.816900,130.0,130.0
1239,pfSense,66,55,65,114,2021-02-20 21:42:49.816900,131.0,131.0
1240,Rescuezilla,76,97,103,45,2021-02-20 21:42:49.816900,132.0,132.0
1241,Debian Edu,75,80,86,105,2021-02-20 21:42:49.816900,133.0,133.0
1242,IPFire,96,92,72,56,2021-02-20 21:42:49.816900,134.0,134.0
1243,Anarchy,96,72,71,72,2021-02-20 21:42:49.816900,135.0,135.0
1244,Live Raizo,72,86,80,96,2021-02-20 21:42:49.816900,136.0,136.0
1245,Whonix,96,90,64,65,2021-02-20 21:42:49.816900,137.0,137.0
1246,Univention,78,83,100,30,2021-02-20 21:42:49.816900,138.0,138.0
1247,LibreELEC,92,54,45,43,2021-02-20 21:42:49.816900,139.0,139.0
1248,SliTaz,81,78,79,80,2021-02-20 21:42:49.816900,140.0,140.0
1249,Linspire,50,62,89,44,2021-02-20 21:42:49.816900,141.0,141.0
1250,BackBox,90,64,63,63,2021-02-20 21:42:49.816900,142.0,142.0
1251,LFS,78,85,54,53,2021-02-20 21:42:49.816900,143.0,143.0
1252,Zeroshell,47,61,89,62,2021-02-20 21:42:49.816900,144.0,144.0
1253,Slax,88,67,69,72,2021-02-20 21:42:49.816900,145.0,145.0
1254,Calculate,89,68,68,69,2021-02-20 21:42:49.816900,146.0,146.0
1255,OpenIndiana,83,83,49,48,2021-02-20 21:42:49.816900,147.0,147.0
1256,batocera,52,63,88,47,2021-02-20 21:42:49.816900,148.0,148.0
1257,GeeXboX,19,33,60,69,2021-02-20 21:42:49.816900,149.0,149.0
1258,Swift,58,83,34,36,2021-02-20 21:42:49.816900,150.0,150.0
1259,NethServer,46,57,87,32,2021-02-20 21:42:49.816900,151.0,151.0
1260,Parabola,66,63,64,68,2021-02-20 21:42:49.816900,152.0,152.0
1261,Funtoo,59,63,75,67,2021-02-20 21:42:49.816900,153.0,153.0
1262,BEE free,87,62,39,40,2021-02-20 21:42:49.816900,154.0,154.0
1263,SUSE,75,65,69,67,2021-02-20 21:42:49.816900,155.0,155.0
1264,RISC,59,82,41,42,2021-02-20 21:42:49.816900,156.0,156.0
1265,Lakka,84,52,54,54,2021-02-20 21:42:49.816900,157.0,157.0
1266,KolibriOS,63,60,63,65,2021-02-20 21:42:49.816900,158.0,158.0
1267,Neptune,79,49,50,49,2021-02-20 21:42:49.816900,159.0,159.0
1268,TrueNAS,55,56,63,60,2021-02-20 21:42:49.816900,160.0,160.0
1269,Runtu,71,75,43,44,2021-02-20 21:42:49.816900,161.0,161.0
1270,openmamba,42,54,81,35,2021-02-20 21:42:49.816900,162.0,162.0
1271,NetBSD,75,71,57,58,2021-02-20 21:42:49.816900,163.0,163.0
1272,OpenMediaVault,77,62,53,56,2021-02-20 21:42:49.816900,164.0,164.0
1273,APODIO,56,68,44,44,2021-02-20 21:42:49.816900,165.0,165.0
1274,CAELinux,68,68,42,42,2021-02-20 21:42:49.816900,166.0,166.0
1275,OSMC,59,65,74,33,2021-02-20 21:42:49.816900,167.0,167.0
1276,LinuxConsole,51,49,50,55,2021-02-20 21:42:49.816900,168.0,168.0
1277,SolydXK,75,53,49,49,2021-02-20 21:42:49.816900,169.0,169.0
1278,Scientific,43,47,51,55,2021-02-20 21:42:49.816900,170.0,170.0
1279,Proxmox,57,65,67,44,2021-02-20 21:42:49.816900,171.0,171.0
1280,Star,67,43,43,44,2021-02-20 21:42:49.816900,172.0,172.0
1281,tuxtrans,36,47,69,25,2021-02-20 21:42:49.816900,173.0,173.0
1282,Pardus,66,59,45,45,2021-02-20 21:42:49.816900,174.0,174.0
1283,Solaris,52,49,51,52,2021-02-20 21:42:49.816900,175.0,175.0
1284,3CX,49,49,49,51,2021-02-20 21:42:49.816900,176.0,176.0
1285,Hyperbola,51,48,48,50,2021-02-20 21:42:49.816900,177.0,177.0
1286,SuperGamer,62,40,40,40,2021-02-20 21:42:49.816900,178.0,178.0
1287,Pinguy,47,46,46,49,2021-02-20 21:42:49.816900,179.0,179.0
1288,FuguIta,51,62,49,46,2021-02-20 21:42:49.816900,180.0,180.0
1289,Exe,60,41,43,43,2021-02-20 21:42:49.816900,181.0,181.0
1290,EasyNAS,54,44,45,48,2021-02-20 21:42:49.816900,182.0,182.0
1291,Springdale,37,44,58,40,2021-02-20 21:42:49.816900,183.0,183.0
1292,Ufficio Zero,59,38,39,41,2021-02-20 21:42:49.816900,184.0,184.0
1293,ArchStrike,46,46,46,46,2021-02-20 21:42:49.816900,185.0,185.0
1294,RancherOS,40,44,54,41,2021-02-20 21:42:49.816900,186.0,186.0
1295,Wifislax,45,45,45,46,2021-02-20 21:42:49.816900,187.0,187.0
1296,Bedrock,43,43,42,45,2021-02-20 21:42:49.816900,188.0,188.0
1297,Porteus Kiosk,56,50,30,32,2021-02-20 21:42:49.816900,189.0,189.0
1298,OviOS,42,56,29,29,2021-02-20 21:42:49.816900,190.0,190.0
1299,ClonOS,40,41,42,45,2021-02-20 21:42:49.816900,191.0,191.0
1300,KANOTIX,52,42,42,43,2021-02-20 21:42:49.816900,192.0,192.0
1301,TENS,52,42,44,44,2021-02-20 21:42:49.816900,193.0,193.0
1302,Karoshi,51,52,41,30,2021-02-20 21:42:49.816900,194.0,194.0
1303,Endian,40,51,35,34,2021-02-20 21:42:49.816900,195.0,195.0
1304,BigLinux,41,41,42,43,2021-02-20 21:42:49.816900,196.0,196.0
1305,Untangle,45,50,32,32,2021-02-20 21:42:49.816900,197.0,197.0
1306,PakOS,11,22,45,33,2021-02-20 21:42:49.816900,198.0,198.0
1307,Fatdog64,40,40,40,43,2021-02-20 21:42:49.816900,199.0,199.0
1308,AcademiX,50,41,41,42,2021-02-20 21:42:49.816900,200.0,200.0
1309,HardenedBSD,39,41,44,43,2021-02-20 21:42:49.816900,201.0,201.0
1310,RebeccaBlackOS,50,34,34,36,2021-02-20 21:42:49.816900,202.0,202.0
1311,SME Server,31,30,34,43,2021-02-20 21:42:49.816900,203.0,203.0
1312,Grml,49,30,31,33,2021-02-20 21:42:49.816900,204.0,204.0
1313,blackPanther,43,43,42,43,2021-02-20 21:42:49.816900,205.0,205.0
1314,Rescatux,49,33,33,36,2021-02-20 21:42:49.816900,206.0,206.0
1315,Bicom,48,29,27,29,2021-02-20 21:42:49.816900,207.0,207.0
1316,Pearl,42,40,40,42,2021-02-20 21:42:49.816900,208.0,208.0
1317,BSDRP,46,34,35,36,2021-02-20 21:42:49.816900,209.0,209.0
1318,Berry,46,36,36,36,2021-02-20 21:42:49.816900,210.0,210.0
1319,VyOS,37,37,37,41,2021-02-20 21:42:49.816900,211.0,211.0
1320,Greenie,46,29,29,30,2021-02-20 21:42:49.816900,212.0,212.0
1321,CAINE,42,42,41,40,2021-02-20 21:42:49.816900,213.0,213.0
1322,TurnKey,46,28,28,28,2021-02-20 21:42:49.816900,214.0,214.0
1323,Daphile,36,37,38,40,2021-02-20 21:42:49.816900,215.0,215.0
1324,Dragora,38,36,37,40,2021-02-20 21:42:49.816900,216.0,216.0
1325,Lunar,41,41,41,40,2021-02-20 21:42:49.816900,217.0,217.0
1326,Pentoo,37,37,38,40,2021-02-20 21:42:49.816900,218.0,218.0
1327,Vine,37,37,38,39,2021-02-20 21:42:49.816900,219.0,219.0
1328,DietPi,42,37,38,37,2021-02-20 21:42:49.816900,220.0,220.0
1329,Exherbo,41,39,38,38,2021-02-20 21:42:49.816900,221.0,221.0
1330,KISS,42,37,37,38,2021-02-20 21:42:49.816900,222.0,222.0
1331,Namib,39,37,37,38,2021-02-20 21:42:49.816900,223.0,223.0
1332,Pisi,36,36,37,38,2021-02-20 21:42:49.816900,224.0,224.0
1333,BOSS,36,35,35,36,2021-02-20 21:42:49.816900,225.0,225.0
1334,Omarine,41,27,27,27,2021-02-20 21:42:49.816900,226.0,226.0
1335,Zevenet,41,27,28,29,2021-02-20 21:42:49.816900,227.0,227.0
1336,MLL,36,35,35,36,2021-02-20 21:42:49.816900,228.0,228.0
1337,Photon,32,33,34,36,2021-02-20 21:42:49.816900,229.0,229.0
1338,SuperX,37,37,36,36,2021-02-20 21:42:49.816900,230.0,230.0
1339,NST,40,30,30,28,2021-02-20 21:42:49.816900,231.0,231.0
1340,Plamo,40,31,31,32,2021-02-20 21:42:49.816900,232.0,232.0
1341,Secure-K,35,35,35,35,2021-02-20 21:42:49.816900,233.0,233.0
1342,Asianux,32,33,34,34,2021-02-20 21:42:49.816900,234.0,234.0
1343,LuninuX,38,34,33,33,2021-02-20 21:42:49.816900,235.0,235.0
1344,UBOS,34,34,35,33,2021-02-20 21:42:49.816900,236.0,236.0
1345,Plop,33,33,34,34,2021-02-20 21:42:49.816900,237.0,237.0
1346,Thinstation,31,31,33,34,2021-02-20 21:42:49.816900,238.0,238.0
1347,Freespire,33,32,32,33,2021-02-20 21:42:49.816900,239.0,239.0
1348,Sophos,32,32,33,33,2021-02-20 21:42:49.816900,240.0,240.0
1349,Source Mage,32,32,33,33,2021-02-20 21:42:49.816900,241.0,241.0
1350,Smoothwall,36,28,29,30,2021-02-20 21:42:49.816900,242.0,242.0
1351,BlueOnyx,31,31,32,32,2021-02-20 21:42:49.816900,243.0,243.0
1352,Recalbox,35,31,31,32,2021-02-20 21:42:49.816900,244.0,244.0
1353,LliureX,32,32,32,32,2021-02-20 21:42:49.816900,245.0,245.0
1354,ForLEx,30,30,31,32,2021-02-20 21:42:49.816900,246.0,246.0
1355,FreedomBox,30,30,31,32,2021-02-20 21:42:49.816900,247.0,247.0
1356,RDS,34,25,25,24,2021-02-20 21:42:49.816900,248.0,248.0
1357,Elastix,30,31,31,31,2021-02-20 21:42:49.816900,249.0,249.0
1358,Rocks Cluster,30,31,32,30,2021-02-20 21:42:49.816900,250.0,250.0
1359,Baltix,10,18,31,30,2021-02-20 21:42:49.816900,251.0,251.0
1360,Canaima,17,30,29,29,2021-02-20 21:42:49.816900,252.0,252.0
1361,HamoniKR,18,28,28,31,2021-02-20 21:42:49.816900,253.0,253.0
1362,Refracta,31,30,31,30,2021-02-20 21:42:49.816900,254.0,254.0
1363,Hanthana,28,29,29,30,2021-02-20 21:42:49.816900,255.0,255.0
1364,LinHES,29,29,29,30,2021-02-20 21:42:49.816900,256.0,256.0
1365,REMnux,30,27,27,26,2021-02-20 21:42:49.816900,257.0,257.0
1366,Super Grub2,30,29,29,30,2021-02-20 21:42:49.816900,258.0,258.0
1367,Uruk,28,28,28,30,2021-02-20 21:42:49.816900,259.0,259.0
1368,NexentaStor,28,28,28,29,2021-02-20 21:42:49.816900,260.0,260.0
1369,Securepoint,27,28,27,26,2021-02-20 21:42:49.816900,261.0,261.0
1370,YunoHost,27,28,29,29,2021-02-20 21:42:49.816900,262.0,262.0
1371,OLPC,28,27,28,27,2021-02-20 21:42:49.816900,263.0,263.0
1372,ToOpPy,28,28,28,28,2021-02-20 21:42:49.816900,264.0,264.0
1373,PLD,27,27,28,28,2021-02-20 21:42:49.816900,265.0,265.0
1374,paldo,28,27,27,27,2021-02-20 21:42:49.816900,266.0,266.0
1375,Baruwa,26,27,27,27,2021-02-20 21:42:49.816900,267.0,267.0
1376,FreePBX,26,27,27,27,2021-02-20 21:42:49.816900,268.0,268.0
1377,Webconverger,26,26,26,28,2021-02-20 21:42:49.816900,269.0,269.0
1378,RSS,26,26,26,26,2021-02-20 21:42:49.816900,270.0,270.0
1379,SELKS,26,26,26,27,2021-02-20 21:42:49.816900,271.0,271.0
1380,OB2D,25,24,24,26,2021-02-20 21:42:49.816900,272.0,272.0
1381,OSGeoLive,25,25,25,26,2021-02-20 21:42:49.816900,273.0,273.0
1382,DRBL,24,24,24,25,2021-02-20 21:42:49.816900,274.0,274.0
1383,Omoikane,24,24,24,24,2021-02-20 21:42:49.816900,275.0,275.0
1384,Alma,0,0,0,1,2021-02-20 21:42:49.816900,276.0,276.0
1385,MX Linux,3713,3422,3444,3561,2021-02-20 21:30:30.592365,277.0,0.0
1386,Manjaro,2611,2419,2507,2475,2021-02-20 21:30:30.592365,278.0,1.0
1387,Mint,2342,2120,2341,2165,2021-02-20 21:30:30.592365,279.0,2.0
1388,Pop!_OS,1664,2097,2133,2038,2021-02-20 21:30:30.592365,280.0,3.0
1389,Ubuntu,1567,1382,1357,1508,2021-02-20 21:30:30.592365,281.0,4.0
1390,EndeavourOS,925,1188,1444,1742,2021-02-20 21:30:30.592365,282.0,5.0
1391,Debian,1375,1275,1352,1391,2021-02-20 21:30:30.592365,283.0,6.0
1392,elementary,1277,1148,1189,1258,2021-02-20 21:30:30.592365,284.0,7.0
1393,Fedora,1017,984,922,963,2021-02-20 21:30:30.592365,285.0,8.0
1394,Solus,978,810,830,1036,2021-02-20 21:30:30.592365,286.0,9.0
1395,openSUSE,775,769,845,808,2021-02-20 21:30:30.592365,287.0,10.0
1396,KDE neon,862,770,743,746,2021-02-20 21:30:30.592365,288.0,11.0
1397,Zorin,836,680,599,612,2021-02-20 21:30:30.592365,289.0,12.0
1398,PCLinuxOS,539,488,509,752,2021-02-20 21:30:30.592365,290.0,13.0
1399,deepin,782,685,635,544,2021-02-20 21:30:30.592365,291.0,14.0
1400,Ubuntu Kylin,737,693,646,384,2021-02-20 21:30:30.592365,292.0,15.0
1401,Garuda,291,580,649,712,2021-02-20 21:30:30.592365,293.0,16.0
1402,Arch,681,630,624,635,2021-02-20 21:30:30.592365,294.0,17.0
1403,Linuxfx,525,633,583,581,2021-02-20 21:30:30.592365,295.0,18.0
1404,antiX,643,562,541,525,2021-02-20 21:30:30.592365,296.0,19.0
1405,Puppy,535,574,602,563,2021-02-20 21:30:30.592365,297.0,20.0
1406,Mageia,392,431,530,596,2021-02-20 21:30:30.592365,298.0,21.0
1407,CentOS,575,513,500,440,2021-02-20 21:30:30.592365,299.0,22.0
1408,ArcoLinux,530,472,458,414,2021-02-20 21:30:30.592365,300.0,23.0
1409,Slackware,345,344,389,503,2021-02-20 21:30:30.592365,301.0,24.0
1410,Kali,495,461,450,449,2021-02-20 21:30:30.592365,302.0,25.0
1411,Q4OS,375,409,502,440,2021-02-20 21:30:30.592365,303.0,26.0
1412,FreeBSD,415,431,394,489,2021-02-20 21:30:30.592365,304.0,27.0
1413,Lite,437,406,345,344,2021-02-20 21:30:30.592365,305.0,28.0
1414,Alpine,310,327,414,483,2021-02-20 21:30:30.592365,306.0,29.0
1415,SparkyLinux,398,355,320,355,2021-02-20 21:30:30.592365,307.0,30.0
1416,Devuan,312,277,311,442,2021-02-20 21:30:30.592365,308.0,31.0
1417,Lubuntu,385,343,330,354,2021-02-20 21:30:30.592365,309.0,32.0
1418,EasyOS,380,359,384,210,2021-02-20 21:30:30.592365,310.0,33.0
1419,Peppermint,375,333,326,329,2021-02-20 21:30:30.592365,311.0,34.0
1420,Tails,355,338,338,396,2021-02-20 21:30:30.592365,312.0,35.0
1421,Xubuntu,333,304,297,364,2021-02-20 21:30:30.592365,313.0,36.0
1422,Kubuntu,325,298,295,343,2021-02-20 21:30:30.592365,314.0,37.0
1423,GhostBSD,263,255,324,326,2021-02-20 21:30:30.592365,315.0,38.0
1424,Bluestar,276,293,315,351,2021-02-20 21:30:30.592365,316.0,39.0
1425,Parrot,299,264,251,257,2021-02-20 21:30:30.592365,317.0,40.0
1426,Endless,296,267,232,290,2021-02-20 21:30:30.592365,318.0,41.0
1427,Android-x86,295,236,246,313,2021-02-20 21:30:30.592365,319.0,42.0
1428,OpenMandriva,177,176,244,320,2021-02-20 21:30:30.592365,320.0,43.0
1429,Void,281,266,282,295,2021-02-20 21:30:30.592365,321.0,44.0
1430,ReactOS,287,220,208,208,2021-02-20 21:30:30.592365,322.0,45.0
1431,Gecko,192,217,277,164,2021-02-20 21:30:30.592365,323.0,46.0
1432,Mabox,29,57,116,305,2021-02-20 21:30:30.592365,324.0,47.0
1433,Ubuntu MATE,279,256,256,275,2021-02-20 21:30:30.592365,325.0,48.0
1434,KaOS,247,250,269,211,2021-02-20 21:30:30.592365,326.0,49.0
1435,NomadBSD,180,143,173,305,2021-02-20 21:30:30.592365,327.0,50.0
1436,RebornOS,112,200,263,196,2021-02-20 21:30:30.592365,328.0,51.0
1437,Ultimate,211,216,234,305,2021-02-20 21:30:30.592365,329.0,52.0
1438,Gentoo,252,242,249,252,2021-02-20 21:30:30.592365,330.0,53.0
1439,Archman,258,203,187,136,2021-02-20 21:30:30.592365,331.0,54.0
1440,NixOS,227,239,195,197,2021-02-20 21:30:30.592365,332.0,55.0
1441,Septor,176,209,250,245,2021-02-20 21:30:30.592365,333.0,56.0
1442,Qubes,166,190,215,290,2021-02-20 21:30:30.592365,334.0,57.0
1443,Tiny Core,182,173,200,290,2021-02-20 21:30:30.592365,335.0,58.0
1444,PureOS,242,231,242,243,2021-02-20 21:30:30.592365,336.0,59.0
1445,AV Linux,188,180,247,145,2021-02-20 21:30:30.592365,337.0,60.0
1446,Redcore,99,107,165,280,2021-02-20 21:30:30.592365,338.0,61.0
1447,4MLinux,227,229,232,180,2021-02-20 21:30:30.592365,339.0,62.0
1448,Bodhi,237,190,190,193,2021-02-20 21:30:30.592365,340.0,63.0
1449,Artix,220,224,230,238,2021-02-20 21:30:30.592365,341.0,64.0
1450,Finnix,91,83,115,271,2021-02-20 21:30:30.592365,342.0,65.0
1451,Ubuntu DP,138,218,157,167,2021-02-20 21:30:30.592365,343.0,66.0
1452,RasPiOS,172,207,242,171,2021-02-20 21:30:30.592365,344.0,67.0
1453,Feren,208,214,200,183,2021-02-20 21:30:30.592365,345.0,68.0
1454,Red Hat,205,186,186,198,2021-02-20 21:30:30.592365,346.0,69.0
1455,Diamond,18,37,75,229,2021-02-20 21:30:30.592365,347.0,70.0
1456,Voyager,203,200,145,151,2021-02-20 21:30:30.592365,348.0,71.0
1457,siduction,43,48,84,223,2021-02-20 21:30:30.592365,349.0,72.0
1458,Kodachi,198,192,160,167,2021-02-20 21:30:30.592365,350.0,73.0
1459,Ubuntu Studio,177,165,161,216,2021-02-20 21:30:30.592365,351.0,74.0
1460,ClearOS,194,177,180,171,2021-02-20 21:30:30.592365,352.0,75.0
1461,KNOPPIX,192,185,191,209,2021-02-20 21:30:30.592365,353.0,76.0
1462,Enso,116,195,110,113,2021-02-20 21:30:30.592365,354.0,77.0
1463,BunsenLabs,190,167,160,159,2021-02-20 21:30:30.592365,355.0,78.0
1464,Absolute,187,192,144,148,2021-02-20 21:30:30.592365,356.0,79.0
1465,Emmabuntüs,190,176,179,133,2021-02-20 21:30:30.592365,357.0,80.0
1466,Nitrux,189,188,169,129,2021-02-20 21:30:30.592365,358.0,81.0
1467,ArchBang,166,190,152,129,2021-02-20 21:30:30.592365,359.0,82.0
1468,OPNsense,61,63,89,196,2021-02-20 21:30:30.592365,360.0,83.0
1469,Ubuntu Budgie,188,160,145,189,2021-02-20 21:30:30.592365,361.0,84.0
1470,BlackArch,159,155,184,132,2021-02-20 21:30:30.592365,362.0,85.0
1471,Haiku,182,154,152,148,2021-02-20 21:30:30.592365,363.0,86.0
1472,Elive,169,169,180,129,2021-02-20 21:30:30.592365,364.0,87.0
1473,GParted,99,118,146,191,2021-02-20 21:30:30.592365,365.0,88.0
1474,Zentyal,58,59,85,191,2021-02-20 21:30:30.592365,366.0,89.0
1475,LXLE,181,171,171,177,2021-02-20 21:30:30.592365,367.0,90.0
1476,ALT,180,150,151,149,2021-02-20 21:30:30.592365,368.0,91.0
1477,Trisquel,163,180,149,138,2021-02-20 21:30:30.592365,369.0,92.0
1478,XigmaNAS,51,62,88,189,2021-02-20 21:30:30.592365,370.0,93.0
1479,ExTiX,151,152,170,103,2021-02-20 21:30:30.592365,371.0,94.0
1480,CRUX,82,118,161,65,2021-02-20 21:30:30.592365,372.0,95.0
1481,OpenBSD,172,163,148,156,2021-02-20 21:30:30.592365,373.0,96.0
1482,Netrunner,171,134,144,148,2021-02-20 21:30:30.592365,374.0,97.0
1483,Oracle,139,156,160,138,2021-02-20 21:30:30.592365,375.0,98.0
1484,DragonFly,165,145,134,142,2021-02-20 21:30:30.592365,376.0,99.0
1485,MakuluLinux,165,134,111,121,2021-02-20 21:30:30.592365,377.0,100.0
1486,ROSA,142,136,150,135,2021-02-20 21:30:30.592365,378.0,101.0
1487,Clear,157,134,142,139,2021-02-20 21:30:30.592365,379.0,102.0
1488,Redo,118,150,95,94,2021-02-20 21:30:30.592365,380.0,103.0
1489,SmartOS,138,135,132,148,2021-02-20 21:30:30.592365,381.0,104.0
1490,Robolinux,151,95,85,52,2021-02-20 21:30:30.592365,382.0,105.0
1491,Sabayon,146,139,144,137,2021-02-20 21:30:30.592365,383.0,106.0
1492,Clonezilla,98,82,86,144,2021-02-20 21:30:30.592365,384.0,107.0
1493,SteamOS,145,138,144,141,2021-02-20 21:30:30.592365,385.0,108.0
1494,Volumio,144,135,144,105,2021-02-20 21:30:30.592365,386.0,109.0
1495,MidnightBSD,93,138,106,121,2021-02-20 21:30:30.592365,387.0,110.0
1496,EuroLinux,64,90,144,43,2021-02-20 21:30:30.592365,388.0,111.0
1497,Simplicity,141,76,47,38,2021-02-20 21:30:30.592365,389.0,112.0
1498,Parted Magic,90,136,125,115,2021-02-20 21:30:30.592365,390.0,113.0
1499,ArchLabs,138,124,100,79,2021-02-20 21:30:30.592365,391.0,114.0
1500,Kwort,60,92,138,54,2021-02-20 21:30:30.592365,392.0,115.0
1501,Obarun,129,90,82,48,2021-02-20 21:30:30.592365,393.0,116.0
1502,Guix System,86,93,137,56,2021-02-20 21:30:30.592365,394.0,117.0
1503,NuTyX,114,130,125,104,2021-02-20 21:30:30.592365,395.0,118.0
1504,UBports,107,121,101,47,2021-02-20 21:30:30.592365,396.0,119.0
1505,SystemRescue,111,104,83,58,2021-02-20 21:30:30.592365,397.0,120.0
1506,Snal,50,101,120,40,2021-02-20 21:30:30.592365,398.0,121.0
1507,PrimTux,54,79,73,128,2021-02-20 21:30:30.592365,399.0,122.0
1508,Slackel,91,80,119,52,2021-02-20 21:30:30.592365,400.0,123.0
1509,GoboLinux,106,59,40,43,2021-02-20 21:30:30.592365,401.0,124.0
1510,CloudReady,88,108,100,116,2021-02-20 21:30:30.592365,402.0,125.0
1511,Zenwalk,100,89,118,60,2021-02-20 21:30:30.592365,403.0,126.0
1512,Trident,102,63,45,46,2021-02-20 21:30:30.592365,404.0,127.0
1513,T2,54,74,117,38,2021-02-20 21:30:30.592365,405.0,128.0
1514,Arya,101,53,43,43,2021-02-20 21:30:30.592365,406.0,129.0
1515,Porteus,101,86,86,82,2021-02-20 21:30:30.592365,407.0,130.0
1516,pfSense,66,55,65,114,2021-02-20 21:30:30.592365,408.0,131.0
1517,Rescuezilla,76,97,103,45,2021-02-20 21:30:30.592365,409.0,132.0
1518,Debian Edu,75,80,86,105,2021-02-20 21:30:30.592365,410.0,133.0
1519,IPFire,96,92,72,56,2021-02-20 21:30:30.592365,411.0,134.0
1520,Anarchy,96,72,71,72,2021-02-20 21:30:30.592365,412.0,135.0
1521,Live Raizo,72,86,80,96,2021-02-20 21:30:30.592365,413.0,136.0
1522,Whonix,96,90,64,65,2021-02-20 21:30:30.592365,414.0,137.0
1523,Univention,78,83,100,30,2021-02-20 21:30:30.592365,415.0,138.0
1524,LibreELEC,92,54,45,43,2021-02-20 21:30:30.592365,416.0,139.0
1525,SliTaz,81,78,79,80,2021-02-20 21:30:30.592365,417.0,140.0
1526,Linspire,50,62,89,44,2021-02-20 21:30:30.592365,418.0,141.0
1527,BackBox,90,64,63,63,2021-02-20 21:30:30.592365,419.0,142.0
1528,LFS,78,85,54,53,2021-02-20 21:30:30.592365,420.0,143.0
1529,Zeroshell,47,61,89,62,2021-02-20 21:30:30.592365,421.0,144.0
1530,Slax,88,67,69,72,2021-02-20 21:30:30.592365,422.0,145.0
1531,Calculate,89,68,68,69,2021-02-20 21:30:30.592365,423.0,146.0
1532,OpenIndiana,83,83,49,48,2021-02-20 21:30:30.592365,424.0,147.0
1533,batocera,52,63,88,47,2021-02-20 21:30:30.592365,425.0,148.0
1534,GeeXboX,19,33,60,69,2021-02-20 21:30:30.592365,426.0,149.0
1535,Swift,58,83,34,36,2021-02-20 21:30:30.592365,427.0,150.0
1536,NethServer,46,57,87,32,2021-02-20 21:30:30.592365,428.0,151.0
1537,Parabola,66,63,64,68,2021-02-20 21:30:30.592365,429.0,152.0
1538,Funtoo,59,63,75,67,2021-02-20 21:30:30.592365,430.0,153.0
1539,BEE free,87,62,39,40,2021-02-20 21:30:30.592365,431.0,154.0
1540,SUSE,75,65,69,67,2021-02-20 21:30:30.592365,432.0,155.0
1541,RISC,59,82,41,42,2021-02-20 21:30:30.592365,433.0,156.0
1542,Lakka,84,52,54,54,2021-02-20 21:30:30.592365,434.0,157.0
1543,KolibriOS,63,60,63,65,2021-02-20 21:30:30.592365,435.0,158.0
1544,Neptune,79,49,50,49,2021-02-20 21:30:30.592365,436.0,159.0
1545,TrueNAS,55,56,63,60,2021-02-20 21:30:30.592365,437.0,160.0
1546,Runtu,71,75,43,44,2021-02-20 21:30:30.592365,438.0,161.0
1547,openmamba,42,54,81,35,2021-02-20 21:30:30.592365,439.0,162.0
1548,NetBSD,75,71,57,58,2021-02-20 21:30:30.592365,440.0,163.0
1549,OpenMediaVault,77,62,53,56,2021-02-20 21:30:30.592365,441.0,164.0
1550,APODIO,56,68,44,44,2021-02-20 21:30:30.592365,442.0,165.0
1551,CAELinux,68,68,42,42,2021-02-20 21:30:30.592365,443.0,166.0
1552,OSMC,59,65,74,33,2021-02-20 21:30:30.592365,444.0,167.0
1553,LinuxConsole,51,49,50,55,2021-02-20 21:30:30.592365,445.0,168.0
1554,SolydXK,75,53,49,49,2021-02-20 21:30:30.592365,446.0,169.0
1555,Scientific,43,47,51,55,2021-02-20 21:30:30.592365,447.0,170.0
1556,Proxmox,57,65,67,44,2021-02-20 21:30:30.592365,448.0,171.0
1557,Star,67,43,43,44,2021-02-20 21:30:30.592365,449.0,172.0
1558,tuxtrans,36,47,69,25,2021-02-20 21:30:30.592365,450.0,173.0
1559,Pardus,66,59,45,45,2021-02-20 21:30:30.592365,451.0,174.0
1560,Solaris,52,49,51,52,2021-02-20 21:30:30.592365,452.0,175.0
1561,3CX,49,49,49,51,2021-02-20 21:30:30.592365,453.0,176.0
1562,Hyperbola,51,48,48,50,2021-02-20 21:30:30.592365,454.0,177.0
1563,SuperGamer,62,40,40,40,2021-02-20 21:30:30.592365,455.0,178.0
1564,Pinguy,47,46,46,49,2021-02-20 21:30:30.592365,456.0,179.0
1565,FuguIta,51,62,49,46,2021-02-20 21:30:30.592365,457.0,180.0
1566,Exe,60,41,43,43,2021-02-20 21:30:30.592365,458.0,181.0
1567,EasyNAS,54,44,45,48,2021-02-20 21:30:30.592365,459.0,182.0
1568,Springdale,37,44,58,40,2021-02-20 21:30:30.592365,460.0,183.0
1569,Ufficio Zero,59,38,39,41,2021-02-20 21:30:30.592365,461.0,184.0
1570,ArchStrike,46,46,46,46,2021-02-20 21:30:30.592365,462.0,185.0
1571,RancherOS,40,44,54,41,2021-02-20 21:30:30.592365,463.0,186.0
1572,Wifislax,45,45,45,46,2021-02-20 21:30:30.592365,464.0,187.0
1573,Bedrock,43,43,42,45,2021-02-20 21:30:30.592365,465.0,188.0
1574,Porteus Kiosk,56,50,30,32,2021-02-20 21:30:30.592365,466.0,189.0
1575,OviOS,42,56,29,29,2021-02-20 21:30:30.592365,467.0,190.0
1576,ClonOS,40,41,42,45,2021-02-20 21:30:30.592365,468.0,191.0
1577,KANOTIX,52,42,42,43,2021-02-20 21:30:30.592365,469.0,192.0
1578,TENS,52,42,44,44,2021-02-20 21:30:30.592365,470.0,193.0
1579,Karoshi,51,52,41,30,2021-02-20 21:30:30.592365,471.0,194.0
1580,Endian,40,51,35,34,2021-02-20 21:30:30.592365,472.0,195.0
1581,BigLinux,41,41,42,43,2021-02-20 21:30:30.592365,473.0,196.0
1582,Untangle,45,50,32,32,2021-02-20 21:30:30.592365,474.0,197.0
1583,PakOS,11,22,45,33,2021-02-20 21:30:30.592365,475.0,198.0
1584,Fatdog64,40,40,40,43,2021-02-20 21:30:30.592365,476.0,199.0
1585,AcademiX,50,41,41,42,2021-02-20 21:30:30.592365,477.0,200.0
1586,HardenedBSD,39,41,44,43,2021-02-20 21:30:30.592365,478.0,201.0
1587,RebeccaBlackOS,50,34,34,36,2021-02-20 21:30:30.592365,479.0,202.0
1588,SME Server,31,30,34,43,2021-02-20 21:30:30.592365,480.0,203.0
1589,Grml,49,30,31,33,2021-02-20 21:30:30.592365,481.0,204.0
1590,blackPanther,43,43,42,43,2021-02-20 21:30:30.592365,482.0,205.0
1591,Rescatux,49,33,33,36,2021-02-20 21:30:30.592365,483.0,206.0
1592,Bicom,48,29,27,29,2021-02-20 21:30:30.592365,484.0,207.0
1593,Pearl,42,40,40,42,2021-02-20 21:30:30.592365,485.0,208.0
1594,BSDRP,46,34,35,36,2021-02-20 21:30:30.592365,486.0,209.0
1595,Berry,46,36,36,36,2021-02-20 21:30:30.592365,487.0,210.0
1596,VyOS,37,37,37,41,2021-02-20 21:30:30.592365,488.0,211.0
1597,Greenie,46,29,29,30,2021-02-20 21:30:30.592365,489.0,212.0
1598,CAINE,42,42,41,40,2021-02-20 21:30:30.592365,490.0,213.0
1599,TurnKey,46,28,28,28,2021-02-20 21:30:30.592365,491.0,214.0
1600,Daphile,36,37,38,40,2021-02-20 21:30:30.592365,492.0,215.0
1601,Dragora,38,36,37,40,2021-02-20 21:30:30.592365,493.0,216.0
1602,Lunar,41,41,41,40,2021-02-20 21:30:30.592365,494.0,217.0
1603,Pentoo,37,37,38,40,2021-02-20 21:30:30.592365,495.0,218.0
1604,Vine,37,37,38,39,2021-02-20 21:30:30.592365,496.0,219.0
1605,DietPi,42,37,38,37,2021-02-20 21:30:30.592365,497.0,220.0
1606,Exherbo,41,39,38,38,2021-02-20 21:30:30.592365,498.0,221.0
1607,KISS,42,37,37,38,2021-02-20 21:30:30.592365,499.0,222.0
1608,Namib,39,37,37,38,2021-02-20 21:30:30.592365,500.0,223.0
1609,Pisi,36,36,37,38,2021-02-20 21:30:30.592365,501.0,224.0
1610,BOSS,36,35,35,36,2021-02-20 21:30:30.592365,502.0,225.0
1611,Omarine,41,27,27,27,2021-02-20 21:30:30.592365,503.0,226.0
1612,Zevenet,41,27,28,29,2021-02-20 21:30:30.592365,504.0,227.0
1613,MLL,36,35,35,36,2021-02-20 21:30:30.592365,505.0,228.0
1614,Photon,32,33,34,36,2021-02-20 21:30:30.592365,506.0,229.0
1615,SuperX,37,37,36,36,2021-02-20 21:30:30.592365,507.0,230.0
1616,NST,40,30,30,28,2021-02-20 21:30:30.592365,508.0,231.0
1617,Plamo,40,31,31,32,2021-02-20 21:30:30.592365,509.0,232.0
1618,Secure-K,35,35,35,35,2021-02-20 21:30:30.592365,510.0,233.0
1619,Asianux,32,33,34,34,2021-02-20 21:30:30.592365,511.0,234.0
1620,LuninuX,38,34,33,33,2021-02-20 21:30:30.592365,512.0,235.0
1621,UBOS,34,34,35,33,2021-02-20 21:30:30.592365,513.0,236.0
1622,Plop,33,33,34,34,2021-02-20 21:30:30.592365,514.0,237.0
1623,Thinstation,31,31,33,34,2021-02-20 21:30:30.592365,515.0,238.0
1624,Freespire,33,32,32,33,2021-02-20 21:30:30.592365,516.0,239.0
1625,Sophos,32,32,33,33,2021-02-20 21:30:30.592365,517.0,240.0
1626,Source Mage,32,32,33,33,2021-02-20 21:30:30.592365,518.0,241.0
1627,Smoothwall,36,28,29,30,2021-02-20 21:30:30.592365,519.0,242.0
1628,BlueOnyx,31,31,32,32,2021-02-20 21:30:30.592365,520.0,243.0
1629,Recalbox,35,31,31,32,2021-02-20 21:30:30.592365,521.0,244.0
1630,LliureX,32,32,32,32,2021-02-20 21:30:30.592365,522.0,245.0
1631,ForLEx,30,30,31,32,2021-02-20 21:30:30.592365,523.0,246.0
1632,FreedomBox,30,30,31,32,2021-02-20 21:30:30.592365,524.0,247.0
1633,RDS,34,25,25,24,2021-02-20 21:30:30.592365,525.0,248.0
1634,Elastix,30,31,31,31,2021-02-20 21:30:30.592365,526.0,249.0
1635,Rocks Cluster,30,31,32,30,2021-02-20 21:30:30.592365,527.0,250.0
1636,Baltix,10,18,31,30,2021-02-20 21:30:30.592365,528.0,251.0
1637,Canaima,17,30,29,29,2021-02-20 21:30:30.592365,529.0,252.0
1638,HamoniKR,18,28,28,31,2021-02-20 21:30:30.592365,530.0,253.0
1639,Refracta,31,30,31,30,2021-02-20 21:30:30.592365,531.0,254.0
1640,Hanthana,28,29,29,30,2021-02-20 21:30:30.592365,532.0,255.0
1641,LinHES,29,29,29,30,2021-02-20 21:30:30.592365,533.0,256.0
1642,REMnux,30,27,27,26,2021-02-20 21:30:30.592365,534.0,257.0
1643,Super Grub2,30,29,29,30,2021-02-20 21:30:30.592365,535.0,258.0
1644,Uruk,28,28,28,30,2021-02-20 21:30:30.592365,536.0,259.0
1645,NexentaStor,28,28,28,29,2021-02-20 21:30:30.592365,537.0,260.0
1646,Securepoint,27,28,27,26,2021-02-20 21:30:30.592365,538.0,261.0
1647,YunoHost,27,28,29,29,2021-02-20 21:30:30.592365,539.0,262.0
1648,OLPC,28,27,28,27,2021-02-20 21:30:30.592365,540.0,263.0
1649,ToOpPy,28,28,28,28,2021-02-20 21:30:30.592365,541.0,264.0
1650,PLD,27,27,28,28,2021-02-20 21:30:30.592365,542.0,265.0
1651,paldo,28,27,27,27,2021-02-20 21:30:30.592365,543.0,266.0
1652,Baruwa,26,27,27,27,2021-02-20 21:30:30.592365,544.0,267.0
1653,FreePBX,26,27,27,27,2021-02-20 21:30:30.592365,545.0,268.0
1654,Webconverger,26,26,26,28,2021-02-20 21:30:30.592365,546.0,269.0
1655,RSS,26,26,26,26,2021-02-20 21:30:30.592365,547.0,270.0
1656,SELKS,26,26,26,27,2021-02-20 21:30:30.592365,548.0,271.0
1657,OB2D,25,24,24,26,2021-02-20 21:30:30.592365,549.0,272.0
1658,OSGeoLive,25,25,25,26,2021-02-20 21:30:30.592365,550.0,273.0
1659,DRBL,24,24,24,25,2021-02-20 21:30:30.592365,551.0,274.0
1660,Omoikane,24,24,24,24,2021-02-20 21:30:30.592365,552.0,275.0
1661,Alma,0,0,0,1,2021-02-20 21:30:30.592365,553.0,276.0
